Transaction Date,Transaction Type,Sort Code,Account Number,Transaction Description,Debit Amount,Credit Amount,Balance,
30/09/2016,TRANSFER,'30-92-79,01216391,C FOX JOE SHEPHERD-FOX,,14,8720.34
30/09/2016,FASTER_PAYMENTS_INCOMING,'30-92-79,01216391,BURNS&BURNS CALEB OSCAR BURNS 3737773174329214SO 404761     30 30SEP16 02:38,,32,8706.34
30/09/2016,STANDING_ORDER,'30-92-79,01216391,G HUNTER SCOUTS,,21,8660.34
30/09/2016,STANDING_ORDER,'30-92-79,01216391,C FAIRCLOTH 1ST FRAMWELLGATE M,,14,8674.34
28/09/2016,STANDING_ORDER,'30-92-79,01216391,MCLAUGHLIN DANIEL MCLAUGHLIN,,14,8625.34
28/09/2016,BANK_GIRO_CREDIT,'30-92-79,01216391,HMRC CHARITIES XR48589,,1294.71,8611.34
28/09/2016,FASTER_PAYMENTS_INCOMING,'30-92-79,01216391,HEWITT P&MT/RGOLD LAURA HEWITT 04023058626454000R 167001     30 28SEP16 02:44,,14,8639.34
27/09/2016,BANK_GIRO_CREDIT,'30-92-79,01216391,HMRC CHARITIES XR48589,,2073.16,7316.63
26/09/2016,STANDING_ORDER,'30-92-79,01216391,J MCCLELLAND BEAVERS,,14,5229.47
26/09/2016,STANDING_ORDER,'30-92-79,01216391,P PROCTOR OLIVER MIDDLETON-P,,14,5243.47
23/09/2016,DEPOSIT,'30-92-79,01216391,500118,,714,5215.47
23/09/2016,FASTER_PAYMENTS_INCOMING,'30-92-79,01216391,MR BARKER & DOCTOR TILLY BARKER 000000000060709800 089300     30 23SEP16 02:28,,9,4501.47
21/09/2016,STANDING_ORDER,'30-92-79,01216391,A BROWN C & I BROWN,,23,4492.47
21/09/2016,BANK_GIRO_CREDIT,'30-92-79,01216391,HMRC CHARITIES XR48589,,2433.19,4469.47
19/09/2016,FASTER_PAYMENTS_INCOMING,'30-92-79,01216391,BOSTOCK P JOSHUA BOSTOCK 7908492064328106SO 402312     30 19SEP16 02:23,,14,2036.28
19/09/2016,FASTER_PAYMENTS_INCOMING,'30-92-79,01216391,DIBB WM + FC BEAVERS RP4650985328275400 205817     30 19SEP16 01:28,,9,2022.28
19/09/2016,FASTER_PAYMENTS_INCOMING,'30-92-79,01216391,IMBER J RIK IMBER 14023246640197000N 010978     30 19SEP16 00:07,,14,2013.28
19/09/2016,STANDING_ORDER,'30-92-79,01216391,N BOWMAN CP BOWMAN,,14,1999.28
15/09/2016,FASTER_PAYMENTS_INCOMING,'30-92-79,01216391,GEORGE SP&OH REBECCA GEORGE 5899413164324103SO 401115     30 15SEP16 02:25,,14,1985.28
15/09/2016,STANDING_ORDER,'30-92-79,01216391,S DAVIES LOUIS DAVIES SUBS,,14,1957.28
15/09/2016,FASTER_PAYMENTS_INCOMING,'30-92-79,01216391,JOHNSON DAVID SOPHIE JOHNSON FP16258O40108610 070116     30 15SEP16 00:30,,14,1971.28
13/09/2016,FASTER_PAYMENTS_INCOMING,'30-92-79,01216391,HUNTER S J JOSHUAJAMESHUNTER RP4651184463147600 208223     30 13SEP16 01:16,,14,1943.28
12/09/2016,FASTER_PAYMENTS_INCOMING,'30-92-79,01216391,ADISA O DAMILOLA ADISA 2187143164321105SO 401931     30 12SEP16 02:21,,14,1929.28
12/09/2016,FASTER_PAYMENTS_INCOMING,'30-92-79,01216391,MR & MRS MOSS HARRY 000000000060485456 086020     30 12SEP16 01:50,,14,1915.28
12/09/2016,FASTER_PAYMENTS_INCOMING,'30-92-79,01216391,CARA-COLLINS G ISAAC COLLINS 48023835158827000N 541004     30 12SEP16 00:34,,14,1901.28
12/09/2016,DIRECT_DEBIT,'30-92-79,01216391,AVIVA 100546548CCI08G002,112.72,,1887.28
09/09/2016,FASTER_PAYMENTS_OUTGOING,'30-92-79,01216391,1ST FRAMWELLGATE 400000000228243179 DRAWDOWN UNITY ACC 086001     10 09SEP16 13:15,3319.11,,2000
09/09/2016,DEPOSIT,'30-92-79,01216391,500117,,143,5319.11
09/09/2016,STANDING_ORDER,'30-92-79,01216391,A CAIRNS LEYTON LAVELLE,,14,5176.11
