Transaction Date,Transaction Type,Sort Code,Account Number,Transaction Description,Debit Amount,Credit Amount,Balance,
30/08/2016,TRANSFER,'30-92-79,01216391,C FOX JOE SHEPHERD-FOX,,14,3185.42
30/08/2016,FASTER_PAYMENTS_INCOMING,'30-92-79,01216391,BURNS&BURNS CALEB OSCAR BURNS 7295792474329214SO 404761     30 30AUG16 02:08,,32,3171.42
30/08/2016,STANDING_ORDER,'30-92-79,01216391,MCLAUGHLIN DANIEL MCLAUGHLIN,,14,3125.42
30/08/2016,STANDING_ORDER,'30-92-79,01216391,G HUNTER SCOUTS,,21,3111.42
30/08/2016,FASTER_PAYMENTS_INCOMING,'30-92-79,01216391,HEWITT P&MT/RGOLD LAURA HEWITT 48023153901581000R 167001     30 30AUG16 00:33,,14,3139.42
25/08/2016,STANDING_ORDER,'30-92-79,01216391,J MCCLELLAND BEAVERS,,14,3090.42
23/08/2016,FASTER_PAYMENTS_INCOMING,'30-92-79,01216391,MR BARKER & DOCTOR TILLY BARKER 000000000059888560 089300     30 23AUG16 01:56,,9,3076.42
22/08/2016,STANDING_ORDER,'30-92-79,01216391,A BROWN C & I BROWN,,23,3067.42
19/08/2016,FASTER_PAYMENTS_INCOMING,'30-92-79,01216391,BOSTOCK P JOSHUA BOSTOCK 1927157554328106SO 402312     30 19AUG16 02:17,,14,3044.42
18/08/2016,FASTER_PAYMENTS_INCOMING,'30-92-79,01216391,IMBER J RIK IMBER 31023222485686000N 010978     30 18AUG16 02:36,,14,3030.42
18/08/2016,FASTER_PAYMENTS_INCOMING,'30-92-79,01216391,DIBB WM + FC BEAVERS RP4650985305434900 205817     30 18AUG16 01:15,,9,3016.42
18/08/2016,STANDING_ORDER,'30-92-79,01216391,N BOWMAN CP BOWMAN,,14,3007.42
15/08/2016,FASTER_PAYMENTS_INCOMING,'30-92-79,01216391,GEORGE SP&OH REBECCA GEORGE 3033583064324103SO 401115     30 15AUG16 02:35,,14,2993.42
15/08/2016,FASTER_PAYMENTS_INCOMING,'30-92-79,01216391,HUNTER S J JOSHUAJAMESHUNTER RP4651184443934100 208223     30 15AUG16 01:34,,14,2979.42
15/08/2016,STANDING_ORDER,'30-92-79,01216391,S DAVIES LOUIS DAVIES SUBS,,14,2965.42
12/08/2016,FASTER_PAYMENTS_INCOMING,'30-92-79,01216391,MR & MRS MOSS HARRY 000000000059687642 086020     30 12AUG16 02:10,,14,2951.42
11/08/2016,FASTER_PAYMENTS_INCOMING,'30-92-79,01216391,ADISA O DAMILOLA ADISA 6797587454320105SO 401931     30 11AUG16 02:08,,14,2937.42
11/08/2016,DIRECT_DEBIT,'30-92-79,01216391,E.ON 012794763750A,18.88,,2923.42
10/08/2016,FASTER_PAYMENTS_INCOMING,'30-92-79,01216391,CARA-COLLINS G ISAAC COLLINS 13023420962277000N 541004     30 10AUG16 02:48,,14,2942.3
10/08/2016,DIRECT_DEBIT,'30-92-79,01216391,AVIVA 100546548CCI07G002,112.72,,2928.3
09/08/2016,STANDING_ORDER,'30-92-79,01216391,A CAIRNS LEYTON LAVELLE,,14,3041.02
08/08/2016,FASTER_PAYMENTS_INCOMING,'30-92-79,01216391,TROUGHTON VL MICHAEL TROUGHTON RP4651084884651100 208369     30 08AUG16 01:38,,14,3027.02
08/08/2016,FASTER_PAYMENTS_INCOMING,'30-92-79,01216391,TODD ANGELA ALFIE PALSSON SUBS FP16220O42001170 070116     30 08AUG16 00:54,,14,3013.02
08/08/2016,FASTER_PAYMENTS_INCOMING,'30-92-79,01216391,NARAYANAN U & K ROHAN  NARAYANAN 16023201627164000N 601549     30 08AUG16 00:04,,14,2999.02
08/08/2016,STANDING_ORDER,'30-92-79,01216391,J LAIDLER D & J LAIDLER,,23,2985.02
