Transaction Date,Transaction Type,Sort Code,Account Number,Transaction Description,Debit Amount,Credit Amount,Balance,
06/09/2016,FASTER_PAYMENTS_INCOMING,'30-92-79,01216391,NARAYANAN U & K ROHAN  NARAYANAN 45023207401700000N 601549     30 06SEP16 02:33,,14,5162.11
06/09/2016,FASTER_PAYMENTS_INCOMING,'30-92-79,01216391,TODD ANGELA ALFIE PALSSON SUBS FP16249O52435866 070116     30 06SEP16 00:27,,14,5175.09
06/09/2016,STANDING_ORDER,'30-92-79,01216391,J LAIDLER D & J LAIDLER,,23,5161.09
06/09/2016,DIRECT_DEBIT,'30-92-79,01216391,PNET1736558-1 PNET1736558-1,26.98,,5148.11
05/09/2016,FASTER_PAYMENTS_INCOMING,'30-92-79,01216391,TROUGHTON VL MICHAEL TROUGHTON RP4651084902628800 208369     30 05SEP16 01:37,,14,5138.09
05/09/2016,STANDING_ORDER,'30-92-79,01216391,D HOWARD LUCAS HOWARD SUBS,,12,5124.09
02/09/2016,FASTER_PAYMENTS_INCOMING,'30-92-79,01216391,WATSON R C & C OLIVER WATSON 03023218015017000N 601551     30 02SEP16 02:36,,14,5112.09
02/09/2016,FASTER_PAYMENTS_INCOMING,'30-92-79,01216391,EGGINTON R D & E H BEAVERS - JOSH E 51023115985185000N 523044     30 02SEP16 02:31,,14,5098.09
02/09/2016,FASTER_PAYMENTS_INCOMING,'30-92-79,01216391,GIBSON JAMES WILLIAM GIBSON SUB FP16245O48417928 070116     30 02SEP16 00:47,,14,5084.09
01/09/2016,FASTER_PAYMENTS_INCOMING,'30-92-79,01216391,CURRY ANTHONY 1ST FRAM SCOUTS FP16245O47172736 070436     30 01SEP16 15:23,,14,5070.09
01/09/2016,FASTER_PAYMENTS_INCOMING,'30-92-79,01216391,ROBERTS STEVEN OLIVER ROBERTS FP16245O47798216 070116     30 01SEP16 14:17,,14,5056.09
01/09/2016,FASTER_PAYMENTS_INCOMING,'30-92-79,01216391,ROYLE EMILY FINN GRACE ROYLE FP16245O47607506 070116     30 01SEP16 13:54,,22,5042.09
01/09/2016,FASTER_PAYMENTS_INCOMING,'30-92-79,01216391,RICHARDSON ROBERT AIDAN RICHARDSON FP16245O47582887 070116     30 01SEP16 13:51,,14,5020.09
01/09/2016,FASTER_PAYMENTS_INCOMING,'30-92-79,01216391,CALLAGHAN PAUL ALEX & DOM CALLAGH FP16245O47571434 070116     30 01SEP16 13:49,,32,5006.09
01/09/2016,FASTER_PAYMENTS_INCOMING,'30-92-79,01216391,BARR STEVEN CAMERON BARR FP16245O47537029 070116     30 01SEP16 13:45,,14,4974.09
01/09/2016,FASTER_PAYMENTS_INCOMING,'30-92-79,01216391,JACQUES BRIAN DYLAN&ERIN JACQUES FP16245O47330677 070116     30 01SEP16 13:20,,23,4960.09
01/09/2016,FASTER_PAYMENTS_INCOMING,'30-92-79,01216391,MORGAN A+VL NICHOLAS MORGAN RP4651084896629800 202741     30 01SEP16 06:30,,14,4937.09
01/09/2016,FASTER_PAYMENTS_INCOMING,'30-92-79,01216391,MR MJ EGGINTON   M HANNAH EGGINTON 23237775335028F5SW 405162     10 01SEP16 05:34,,14,4923.09
01/09/2016,FASTER_PAYMENTS_INCOMING,'30-92-79,01216391,MR ANDREW CAWKWELL ANDREW CAWKWELL 43390373425037F5SW 405162     10 01SEP16 05:24,,14,4909.09
01/09/2016,FASTER_PAYMENTS_INCOMING,'30-92-79,01216391,AUNGER W KIERAN AUNGER RP4651184453116500 204009     30 01SEP16 05:14,,14,4895.09
01/09/2016,FASTER_PAYMENTS_INCOMING,'30-92-79,01216391,SEMPLE S J JACOB REYNOLDS 1414446274321305SO 401931     30 01SEP16 05:02,,14,4881.09
01/09/2016,FASTER_PAYMENTS_INCOMING,'30-92-79,01216391,DAY + THEAKSTON THEAKSTON  X2 RP4650184424903800 202968     30 01SEP16 05:01,,23,4867.09
01/09/2016,FASTER_PAYMENTS_INCOMING,'30-92-79,01216391,GILDEROY J J GILDEROY 24025123203606000N 600845     30 01SEP16 04:58,,23,4844.09
01/09/2016,FASTER_PAYMENTS_INCOMING,'30-92-79,01216391,WOOLLEY E & A ANYA WOOLLEY 16024838714978000N 600822     30 01SEP16 04:42,,14,4821.09
01/09/2016,FASTER_PAYMENTS_INCOMING,'30-92-79,01216391,CLEMENTS E M P PIPPA CLEMENTS 04024837525207000N 543046     30 01SEP16 04:38,,14,4807.09
01/09/2016,FASTER_PAYMENTS_INCOMING,'30-92-79,01216391,BRYSON LA 1ST FRAM SCOUTS RP4651084896795500 202741     30 01SEP16 04:31,,14,4793.09
01/09/2016,FASTER_PAYMENTS_INCOMING,'30-92-79,01216391,SWEENEY G SAMUEL SWEENEY RP4651084899637700 208369     30 01SEP16 04:31,,2.8,4779.09
01/09/2016,FASTER_PAYMENTS_INCOMING,'30-92-79,01216391,BERRY SJ+EJ MAX SCOUTS RP4651084896622900 202741     30 01SEP16 04:31,,14,4776.29
01/09/2016,FASTER_PAYMENTS_INCOMING,'30-92-79,01216391,LAING G+JA CALLUM LAING RP4651084896643200 202741     30 01SEP16 04:30,,16,4762.29
01/09/2016,FASTER_PAYMENTS_INCOMING,'30-92-79,01216391,WILKINSON MJ+JM AIDEN WILKINSON RP4651084897257500 202741     30 01SEP16 04:30,,23,4746.29
01/09/2016,FASTER_PAYMENTS_INCOMING,'30-92-79,01216391,HOPE H E I + M HOPE RP4651084897173800 202741     30 01SEP16 04:29,,23,4723.29
01/09/2016,FASTER_PAYMENTS_INCOMING,'30-92-79,01216391,THOMAS ID+HE JAMES THOMAS RP4651084896787600 202741     30 01SEP16 04:29,,14,4700.29
01/09/2016,FASTER_PAYMENTS_INCOMING,'30-92-79,01216391,PANDYA U & S ISHAAN & AAYUSH 41024553087403000N 515001     30 01SEP16 04:21,,23,4686.29
01/09/2016,FASTER_PAYMENTS_INCOMING,'30-92-79,01216391,MR NICOLAS BROWN KIT BRIGGS- BROWN 61024536434775000N 600205     30 01SEP16 04:18,,14,4663.29
01/09/2016,FASTER_PAYMENTS_INCOMING,'30-92-79,01216391,DOCTOR SEARCH & DO ANNABELCALVINWADE 000000000060188462 089300     30 01SEP16 04:18,,23,4649.29
01/09/2016,FASTER_PAYMENTS_INCOMING,'30-92-79,01216391,MS GARDNER 01 000000000060185962 089300     30 01SEP16 04:16,,14,4626.29
01/09/2016,FASTER_PAYMENTS_INCOMING,'30-92-79,01216391,DOCTOR COLLINS & M PADRAIG COLLINS 000000000060175765 089300     30 01SEP16 04:10,,23,4612.29
01/09/2016,FASTER_PAYMENTS_INCOMING,'30-92-79,01216391,MRS & MR TAYLOR ADAM TAYLOR 000000000060174437 089300     30 01SEP16 04:09,,14,4589.29
01/09/2016,FASTER_PAYMENTS_INCOMING,'30-92-79,01216391,PULLEN S&DM ARCHIE PULLEN 0264392274321310SO 403631     30 01SEP16 04:09,,14,4575.29
01/09/2016,FASTER_PAYMENTS_INCOMING,'30-92-79,01216391,MR BARKER & DOCTOR / 000000000060170391 089300     30 01SEP16 04:07,,14,4561.29
01/09/2016,FASTER_PAYMENTS_INCOMING,'30-92-79,01216391,MR & MRS ASKEY DANIELASKEY SCOUTS 000000000060164172 089286     30 01SEP16 04:03,,14,4547.29
01/09/2016,FASTER_PAYMENTS_INCOMING,'30-92-79,01216391,MR & MRS LINDSEY WILL LINDSEY 000000000060163160 089286     30 01SEP16 04:02,,14,4533.29
01/09/2016,FASTER_PAYMENTS_INCOMING,'30-92-79,01216391,MRS & MR ARMES MATTHEW ARMES 000000000060162497 089286     30 01SEP16 04:02,,14,4519.29
01/09/2016,FASTER_PAYMENTS_INCOMING,'30-92-79,01216391,KRIS ETHERINGTON CONNOR HAMILTON 00151384632BBCTDZQ 090128     30 01SEP16 04:01,,14,4505.29
01/09/2016,FASTER_PAYMENTS_INCOMING,'30-92-79,01216391,STEPHEN BOTONE CONNOR BOTONE 00151384632BBCTDDC 090126     30 01SEP16 04:00,,23,4491.29
01/09/2016,FASTER_PAYMENTS_INCOMING,'30-92-79,01216391,HEPPLE L J   V91 JAMES MITCHELL 23024257469731000N 602421     30 01SEP16 03:58,,14,4468.29
01/09/2016,FASTER_PAYMENTS_INCOMING,'30-92-79,01216391,BRYDE S A & J A BRYDEN 0529584174321303SO 401255     30 01SEP16 03:56,,23,4454.29
01/09/2016,FASTER_PAYMENTS_INCOMING,'30-92-79,01216391,HAMILL&HAMILL F HAMILL BEAVERS 7410636105321314SO 404760     30 01SEP16 03:56,,14,4431.29
01/09/2016,FASTER_PAYMENTS_INCOMING,'30-92-79,01216391,NEAL M S WILLIAM NEAL RP4652784035760800 208968     30 01SEP16 03:55,,14,4417.29
01/09/2016,FASTER_PAYMENTS_INCOMING,'30-92-79,01216391,MRS & MR BERRY ALFIE O'NEILL 000000000060149115 089070     30 01SEP16 03:53,,14,4403.29
01/09/2016,FASTER_PAYMENTS_INCOMING,'30-92-79,01216391,MS BROWN HAMISH BROWN 000000000060148795 089070     30 01SEP16 03:53,,14,4389.29
01/09/2016,FASTER_PAYMENTS_INCOMING,'30-92-79,01216391,DOCTOR & MS WARREN S WARREN 000000000060148413 089070     30 01SEP16 03:53,,14,4375.29
01/09/2016,FASTER_PAYMENTS_INCOMING,'30-92-79,01216391,MR & MRS WALLIS SAM WALLIS 000000000060148257 089066     30 01SEP16 03:53,,14,4361.29
01/09/2016,FASTER_PAYMENTS_INCOMING,'30-92-79,01216391,REVEREND & REVEREN 000 000000000060142122 089002     30 01SEP16 03:49,,14,4347.29
01/09/2016,FASTER_PAYMENTS_INCOMING,'30-92-79,01216391,MUDALAGIRI H/GRAD ASHWIN MUDALAGIRI 46023256112840000R 160008     30 01SEP16 03:48,,14,4333.29
01/09/2016,FASTER_PAYMENTS_INCOMING,'30-92-79,01216391,THOMAS CUMMINGS THOMAS CUMMINGS 00158193632BCDBDJY 090128     30 01SEP16 03:42,,14,4319.29
01/09/2016,FASTER_PAYMENTS_INCOMING,'30-92-79,01216391,RICHARD ROYLE ROYLE 00151102632BBDTRKH 090126     30 01SEP16 03:39,,23,4305.29
01/09/2016,FASTER_PAYMENTS_INCOMING,'30-92-79,01216391,MR BARKER & DOCTOR RORY BARKER 000000000060123248 089300     30 01SEP16 03:37,,9,4282.29
01/09/2016,FASTER_PAYMENTS_INCOMING,'30-92-79,01216391,P COPPLE & REDDING BEAVERS GROUP 22023124710382000R 163327     30 01SEP16 03:36,,9.5,4273.29
01/09/2016,FASTER_PAYMENTS_INCOMING,'30-92-79,01216391,BUCKLE S&J HARRY BUCKLE 5808162074321309SO 403418     30 01SEP16 03:33,,23,4263.79
01/09/2016,FASTER_PAYMENTS_INCOMING,'30-92-79,01216391,ATSUSHI KIMURA SCOUT 00153425632BJPYRRP 090128     30 01SEP16 03:31,,23,4240.79
01/09/2016,FASTER_PAYMENTS_INCOMING,'30-92-79,01216391,HUGHES P+N ARCHIE HUGHES RP4670565333789400 201221     30 01SEP16 03:30,,14,4217.79
01/09/2016,FASTER_PAYMENTS_INCOMING,'30-92-79,01216391,MRS EMMA L BROWN HARRY BROWN 34023028852850000R 160039     30 01SEP16 03:29,,14,4203.79
01/09/2016,FASTER_PAYMENTS_INCOMING,'30-92-79,01216391,K L KEOGAN  BP J + C KEOGAN SUBS RP4652884950490400 209956     30 01SEP16 03:25,,23,4189.79
01/09/2016,FASTER_PAYMENTS_INCOMING,'30-92-79,01216391,MARK WHEELER SCOUTS 00151096632BBFBMZK 090126     30 01SEP16 03:24,,14,4166.79
01/09/2016,FASTER_PAYMENTS_INCOMING,'30-92-79,01216391,NANCY ROBINSON TONY ROBINSON 00151095632BBGGSYZ 090126     30 01SEP16 03:21,,14,4152.79
01/09/2016,FASTER_PAYMENTS_INCOMING,'30-92-79,01216391,RICHARD TURNER CHARLIE TURNER 00151095632BBGGSXT 090126     30 01SEP16 03:21,,14,4138.79
01/09/2016,FASTER_PAYMENTS_INCOMING,'30-92-79,01216391,JANICE OAKES MASONNOWELL BEAVER 00151384632BBCTCTC 090128     30 01SEP16 00:10,,14,3199.42
01/09/2016,FASTER_PAYMENTS_INCOMING,'30-92-79,01216391,RITZ R CAMERON RITZ RP4650985316847000 205817     30 01SEP16 03:18,,14,4110.79
01/09/2016,FASTER_PAYMENTS_INCOMING,'30-92-79,01216391,TODNER ST 25023649460006000N 535010     30 01SEP16 03:11,,14,4096.79
01/09/2016,FASTER_PAYMENTS_INCOMING,'30-92-79,01216391,VAANANEN LUU   G BEAVER HENRY GRACE RP4672763658837200 208057     30 01SEP16 03:10,,9,4082.79
01/09/2016,FASTER_PAYMENTS_INCOMING,'30-92-79,01216391,VAANANEN LUU   G BEAVER TOMAS GRACE RP4672763658837000 208057     30 01SEP16 03:10,,14,4073.79
01/09/2016,FASTER_PAYMENTS_INCOMING,'30-92-79,01216391,REID V & G A. REID 3831781374321302SO 400730     30 01SEP16 03:04,,28,4059.79
01/09/2016,FASTER_PAYMENTS_INCOMING,'30-92-79,01216391,LOADMAN S & C LUKE LOADMAN 14023143425960000N 523044     30 01SEP16 02:35,,14,4031.79
01/09/2016,FASTER_PAYMENTS_INCOMING,'30-92-79,01216391,JEFFERSON SP&NE/AD BJEFFERSON BEAVERS 41023132372627000N 523044     30 01SEP16 02:33,,14,4017.79
01/09/2016,FASTER_PAYMENTS_INCOMING,'30-92-79,01216391,HALL C & K AIDY HALL 27023119056399000N 523044     30 01SEP16 02:32,,14,4003.79
01/09/2016,FASTER_PAYMENTS_INCOMING,'30-92-79,01216391,TIMMINS PG&JM/CP SIMON TIMMINS 43023111627717000N 523044     30 01SEP16 02:31,,14,3989.79
01/09/2016,FASTER_PAYMENTS_INCOMING,'30-92-79,01216391,DUBBELDA C&P LOUIS DUBBELDAM 1770371374321310SO 403715     30 01SEP16 01:54,,23,3975.79
01/09/2016,FASTER_PAYMENTS_INCOMING,'30-92-79,01216391,REYNOL&MILLI BEAVERS 2512909564321310SO 403534     30 01SEP16 01:49,,14,3952.79
01/09/2016,FASTER_PAYMENTS_INCOMING,'30-92-79,01216391,BRUNTON&BRUNTON SAM BRUNTON 0662232305321314SO 404760     30 01SEP16 01:44,,14,3938.79
01/09/2016,FASTER_PAYMENTS_INCOMING,'30-92-79,01216391,FURNESS R JACOB MCLEAN 1806390564321303SO 401201     30 01SEP16 01:39,,14,3924.79
01/09/2016,FASTER_PAYMENTS_INCOMING,'30-92-79,01216391,WILSON RW&CH 81039199 5262504364321309SO 403205     30 01SEP16 01:38,,14,3910.79
01/09/2016,FASTER_PAYMENTS_INCOMING,'30-92-79,01216391,STANLEY H ALEX S SUBS 4276506274321305SO 401931     30 01SEP16 01:35,,14,3896.79
01/09/2016,FASTER_PAYMENTS_INCOMING,'30-92-79,01216391,HUGHES&PINAN SEBASTIAN HUGHES-P 9095485274321305SO 401931     30 01SEP16 01:35,,23,3882.79
01/09/2016,FASTER_PAYMENTS_INCOMING,'30-92-79,01216391,LEE S F JENNA CHEUNG 0160535274321305SO 401931     30 01SEP16 01:35,,9,3859.79
01/09/2016,FASTER_PAYMENTS_INCOMING,'30-92-79,01216391,LEE S F EDMUND CHEUNG 8070535274321305SO 401931     30 01SEP16 01:35,,14,3850.79
01/09/2016,FASTER_PAYMENTS_INCOMING,'30-92-79,01216391,GILLILAND LM HAYDEN GILLILAND 4369544274321305SO 401931     30 01SEP16 01:35,,23,3836.79
01/09/2016,FASTER_PAYMENTS_INCOMING,'30-92-79,01216391,HOULT IP&JL I HOULT BEAVER SUB 0777443174321315SO 404780     30 01SEP16 01:33,,14,3813.79
01/09/2016,FASTER_PAYMENTS_INCOMING,'30-92-79,01216391,KEMP S J JAKE KEMP 9942160264321305SO 401741     30 01SEP16 01:26,,14,3799.79
01/09/2016,FASTER_PAYMENTS_INCOMING,'30-92-79,01216391,BOWERY ALLISON C ABBIE NELSON 5907850264321305SO 401741     30 01SEP16 01:26,,14,3785.79
01/09/2016,FASTER_PAYMENTS_INCOMING,'30-92-79,01216391,RICHARDSON AG&HM 1ST FRAM SCOUT GRP 5677475315321314SO 404775     30 01SEP16 01:26,,14,3771.79
01/09/2016,FASTER_PAYMENTS_INCOMING,'30-92-79,01216391,LOMAS M R BEN LOMAS 7445053274321313SO 404511     30 01SEP16 01:26,,14,3757.79
01/09/2016,FASTER_PAYMENTS_INCOMING,'30-92-79,01216391,NATTRASS J&E ALEX/JOSH NATTRASS 0216613074321307SO 402527     30 01SEP16 01:21,,14,3743.79
01/09/2016,FASTER_PAYMENTS_INCOMING,'30-92-79,01216391,LAURA CARR J 00151508632BBCFXRV 090128     30 01SEP16 01:19,,23,3729.79
01/09/2016,FASTER_PAYMENTS_INCOMING,'30-92-79,01216391,HUNT ROMITA ROBERT HUNT 3510171405321314SO 404761     30 01SEP16 01:14,,14,3706.79
01/09/2016,FASTER_PAYMENTS_INCOMING,'30-92-79,01216391,TOWNLEY&TODD HARRY TODD SCOUTS 1087889305321314SO 404761     30 01SEP16 01:13,,14,3692.79
01/09/2016,FASTER_PAYMENTS_INCOMING,'30-92-79,01216391,IRENA LENTOWICZ FRAM SCOUTS 00151499632BBFTYBD 090126     30 01SEP16 01:09,,14,3678.79
01/09/2016,STANDING_ORDER,'30-92-79,01216391,D HOWELL ETHAN HOWELL,,14,3664.79
01/09/2016,DIRECT_DEBIT,'30-92-79,01216391,EDF ENERGY 671070895395,41,,3650.79
01/09/2016,DIRECT_DEBIT,'30-92-79,01216391,NORTHUMBRIAN WATER 210029320010,24.63,,3691.79
01/09/2016,STANDING_ORDER,'30-92-79,01216391,G FIELD JACK,,14,3716.42
01/09/2016,STANDING_ORDER,'30-92-79,01216391,PAGE MR PAGE,,23,3702.42
01/09/2016,STANDING_ORDER,'30-92-79,01216391,S BELL SUBS ADAM BELL,,14,3679.42
01/09/2016,STANDING_ORDER,'30-92-79,01216391,BASDEN ELI+MIM BASDEN SUB,,23,3665.42
01/09/2016,STANDING_ORDER,'30-92-79,01216391,K ADAMS HANNAH ADAMS,,23,3642.42
01/09/2016,STANDING_ORDER,'30-92-79,01216391,A DYER JASON - TUES CUBS,,14,3619.42
01/09/2016,STANDING_ORDER,'30-92-79,01216391,B MARLEY THOMAS/ALEX MARLEY,,23,3605.42
01/09/2016,STANDING_ORDER,'30-92-79,01216391,ANGELA PATTINSON ALEX FOLLESA,,14,3582.42
01/09/2016,STANDING_ORDER,'30-92-79,01216391,C LAIDLER HARRY LAIDLER FRAM,,15,3568.42
01/09/2016,STANDING_ORDER,'30-92-79,01216391,L CHARLTON CAIN CLEASBY,,14,3553.42
01/09/2016,STANDING_ORDER,'30-92-79,01216391,S WRIGHT LUKAS WRIGHT,,14,3539.42
01/09/2016,STANDING_ORDER,'30-92-79,01216391,R PARKINSON JOSEPH PARKINSON,,14,3525.42
01/09/2016,STANDING_ORDER,'30-92-79,01216391,A QUINN MEGAN QUINN,,14,3511.42
01/09/2016,STANDING_ORDER,'30-92-79,01216391,A ARTHUR LEAH'S SCOUTS,,14,3497.42
01/09/2016,STANDING_ORDER,'30-92-79,01216391,J WELLS RYAN WELLS,,14,3483.42
01/09/2016,STANDING_ORDER,'30-92-79,01216391,I RAINE JAKE RAINE SUBS,,14,3469.42
01/09/2016,STANDING_ORDER,'30-92-79,01216391,J ROBINSON DANIEL ROBINSON,,23,3455.42
01/09/2016,STANDING_ORDER,'30-92-79,01216391,L DING DINGYI MA,,14,3432.42
01/09/2016,FASTER_PAYMENTS_INCOMING,'30-92-79,01216391,CLAIRE MCGROTHER CHARLOTTEMCGROTHER 00152053632BLNDQRP 090136     30 01SEP16 00:34,,14,3418.42
01/09/2016,STANDING_ORDER,'30-92-79,01216391,D THOMAS MEGAN THOMAS,,14,3404.42
01/09/2016,STANDING_ORDER,'30-92-79,01216391,LINDA HENDERSON GR,,23,3390.42
01/09/2016,STANDING_ORDER,'30-92-79,01216391,A BARTELL ROBERT BARTELL,,14,3367.42
01/09/2016,STANDING_ORDER,'30-92-79,01216391,C BOOTH EMILY BOOTH,,14,3353.42
01/09/2016,STANDING_ORDER,'30-92-79,01216391,M ROFFE BEAVERS,,14,3339.42
01/09/2016,STANDING_ORDER,'30-92-79,01216391,J KNIGHT MEGS BEAVERS,,14,3325.42
01/09/2016,STANDING_ORDER,'30-92-79,01216391,JOHNSON J. ROSS JOHNSON,,14,3311.42
01/09/2016,STANDING_ORDER,'30-92-79,01216391,OAKLEY 396035F JAMES OAKLEY,,14,3297.42
01/09/2016,STANDING_ORDER,'30-92-79,01216391,M BOYLE OCEAN OSBORNE,,14,3283.42
01/09/2016,STANDING_ORDER,'30-92-79,01216391,E KIME JAMES KIME,,14,3269.42
01/09/2016,STANDING_ORDER,'30-92-79,01216391,A JARDINE WILLIAM BEAVERS,,14,3255.42
01/09/2016,STANDING_ORDER,'30-92-79,01216391,HACKETT SAM HACKETT,,14,3241.42
01/09/2016,FASTER_PAYMENTS_INCOMING,'30-92-79,01216391,MONIKA AGGARWAL ADITYA SCOUTS FEE 00153425632BJPRPPT 090128     30 01SEP16 00:12,,14,3227.42
01/09/2016,FASTER_PAYMENTS_INCOMING,'30-92-79,01216391,ROBERT DODDS JOSH &EMMA DODDS 00151384632BBCTCSR 090128     30 01SEP16 00:10,,14,3213.42
01/09/2016,FASTER_PAYMENTS_INCOMING,'30-92-79,01216391,DIBB WM + FC SCOUTS RP4650985316884700 205817     30 01SEP16 03:19,,14,4124.79
