Transaction Date,Transaction Type,Sort Code,Account Number,Transaction Description,Debit Amount,Credit Amount,Balance,
05/08/2016,DEPOSIT,'30-92-79,01216391,500116,,1975,2962.02
05/08/2016,DIRECT_DEBIT,'30-92-79,01216391,PNET1736558-1 PNET1736558-1,26.98,,987.02
03/08/2016,TRANSFER,'30-92-79,01216391,C FOX JOE SHEPHERD-FOX,,14,1014
03/08/2016,FASTER_PAYMENTS_OUTGOING,'30-92-79,01216391,1ST FRAMWELLGATE 100000000214866903 DRAWDOWN UNITY ACC 086001     10 03AUG16 12:38,18919.03,,1000
03/08/2016,STANDING_ORDER,'30-92-79,01216391,D HOWARD LUCAS HOWARD SUBS,,12,19919.03
02/08/2016,FASTER_PAYMENTS_INCOMING,'30-92-79,01216391,EGGINTON R D & E H BEAVERS - JOSH E 58023116921173000N 523044     30 02AUG16 02:31,,14,19907.03
02/08/2016,FASTER_PAYMENTS_INCOMING,'30-92-79,01216391,GIBSON JAMES WILLIAM GIBSON SUB FP16214O56573570 070116     30 02AUG16 00:35,,14,19893.03
01/08/2016,TRANSFER,'30-92-79,01216391,C FOX JOE SHEPHERD-FOX,,14,19879.03
01/08/2016,FASTER_PAYMENTS_INCOMING,'30-92-79,01216391,SWEENEY G SAMUEL SWEENEY RP4651084880298400 208369     30 01AUG16 06:31,,2.8,19865.03
01/08/2016,FASTER_PAYMENTS_INCOMING,'30-92-79,01216391,MORGAN A+VL NICHOLAS MORGAN RP4651084876916500 202741     30 01AUG16 06:31,,14,19862.23
01/08/2016,FASTER_PAYMENTS_INCOMING,'30-92-79,01216391,CURRY ANTHONY 1ST FRAM SCOUTS FP16213O54869461 070436     30 01AUG16 04:33,,14,19848.23
01/08/2016,FASTER_PAYMENTS_INCOMING,'30-92-79,01216391,DUBBELDA C&P LOUIS DUBBELDAM 3905979564321310SO 403715     30 01AUG16 04:29,,23,19834.23
01/08/2016,FASTER_PAYMENTS_INCOMING,'30-92-79,01216391,PULLEN S&DM ARCHIE PULLEN 3074851564321310SO 403631     30 01AUG16 04:21,,14,19811.23
01/08/2016,FASTER_PAYMENTS_INCOMING,'30-92-79,01216391,BRYDE S A & J A BRYDEN 7936962174321303SO 401255     30 01AUG16 04:12,,23,19797.23
01/08/2016,FASTER_PAYMENTS_INCOMING,'30-92-79,01216391,HUGHES P+N ARCHIE HUGHES RP4670565309694700 201221     30 01AUG16 04:05,,14,19774.23
01/08/2016,FASTER_PAYMENTS_INCOMING,'30-92-79,01216391,HAMILL&HAMILL F HAMILL BEAVERS 5706898394321314SO 404760     30 01AUG16 04:05,,14,19760.23
01/08/2016,FASTER_PAYMENTS_INCOMING,'30-92-79,01216391,THOMAS CUMMINGS THOMAS CUMMINGS 00158193632BCCGVQC 090128     30 01AUG16 03:55,,14,19746.23
01/08/2016,FASTER_PAYMENTS_INCOMING,'30-92-79,01216391,BUCKLE S&J HARRY BUCKLE 4911379374321309SO 403418     30 01AUG16 03:43,,23,19732.23
01/08/2016,FASTER_PAYMENTS_INCOMING,'30-92-79,01216391,DAY + THEAKSTON THEAKSTON  X2 RP4650184405880700 202968     30 01AUG16 03:35,,23,19709.23
01/08/2016,FASTER_PAYMENTS_INCOMING,'30-92-79,01216391,AUNGER W KIERAN AUNGER RP4651184432294800 204009     30 01AUG16 03:32,,14,19686.23
01/08/2016,FASTER_PAYMENTS_INCOMING,'30-92-79,01216391,REID V & G A. REID 1555278364321302SO 400730     30 01AUG16 03:18,,28,19672.23
01/08/2016,FASTER_PAYMENTS_INCOMING,'30-92-79,01216391,DOCTOR SEARCH & DO ANNABELCALVINWADE 000000000059361215 089300     30 01AUG16 03:18,,23,19644.23
01/08/2016,FASTER_PAYMENTS_INCOMING,'30-92-79,01216391,MARK WHEELER SCOUTS 00151096632BBDYVZG 090126     30 01AUG16 03:17,,14,19621.23
01/08/2016,FASTER_PAYMENTS_INCOMING,'30-92-79,01216391,MS GARDNER 01 000000000059358151 089300     30 01AUG16 03:16,,14,19607.23
01/08/2016,FASTER_PAYMENTS_INCOMING,'30-92-79,01216391,ROBERTS STEVEN OLIVER ROBERTS FP16213O55531901 070116     30 01AUG16 03:12,,14,19593.23
01/08/2016,FASTER_PAYMENTS_INCOMING,'30-92-79,01216391,RICHARD ROYLE ROYLE 00151102632BBDSGHB 090126     30 01AUG16 03:12,,23,19579.23
01/08/2016,FASTER_PAYMENTS_INCOMING,'30-92-79,01216391,ATSUSHI KIMURA SCOUT 00153425632BJHNZML 090128     30 01AUG16 03:12,,23,19556.23
01/08/2016,FASTER_PAYMENTS_INCOMING,'30-92-79,01216391,DOCTOR COLLINS & M PADRAIG COLLINS 000000000059346427 089300     30 01AUG16 03:08,,23,19533.23
01/08/2016,FASTER_PAYMENTS_INCOMING,'30-92-79,01216391,MR NICOLAS BROWN KIT BRIGGS- BROWN 62180308207095000N 600205     30 01AUG16 03:08,,14,19510.23
01/08/2016,FASTER_PAYMENTS_INCOMING,'30-92-79,01216391,MRS & MR TAYLOR ADAM TAYLOR 000000000059345055 089300     30 01AUG16 03:08,,14,19496.23
01/08/2016,FASTER_PAYMENTS_INCOMING,'30-92-79,01216391,VAANANEN LUU   G BEAVER TOMAS GRACE RP4672763643009200 208057     30 01AUG16 03:07,,14,19482.23
01/08/2016,FASTER_PAYMENTS_INCOMING,'30-92-79,01216391,MR BARKER & DOCTOR / 000000000059341235 089300     30 01AUG16 03:05,,14,19468.23
01/08/2016,FASTER_PAYMENTS_INCOMING,'30-92-79,01216391,WOOLLEY E & A ANYA WOOLLEY 61031248410810000N 600822     30 01AUG16 03:03,,14,19454.23
01/08/2016,FASTER_PAYMENTS_INCOMING,'30-92-79,01216391,NANCY ROBINSON TONY ROBINSON 00151095632BBGDQCM 090126     30 01AUG16 03:03,,14,19440.23
01/08/2016,FASTER_PAYMENTS_INCOMING,'30-92-79,01216391,K L KEOGAN  BP J + C KEOGAN SUBS RP4652884929541300 209956     30 01AUG16 03:03,,23,19426.23
01/08/2016,FASTER_PAYMENTS_INCOMING,'30-92-79,01216391,RICHARD TURNER CHARLIE TURNER 00151095632BBGDQBH 090126     30 01AUG16 03:02,,14,19403.23
01/08/2016,FASTER_PAYMENTS_INCOMING,'30-92-79,01216391,MR & MRS ASKEY DANIELASKEY SCOUTS 000000000059333816 089286     30 01AUG16 03:01,,14,19389.23
01/08/2016,FASTER_PAYMENTS_INCOMING,'30-92-79,01216391,MR & MRS LINDSEY WILL LINDSEY 000000000059333354 089286     30 01AUG16 03:00,,14,19375.23
01/08/2016,FASTER_PAYMENTS_INCOMING,'30-92-79,01216391,MRS & MR ARMES MATTHEW ARMES 000000000059332488 089286     30 01AUG16 03:00,,14,19361.23
01/08/2016,FASTER_PAYMENTS_INCOMING,'30-92-79,01216391,MRS & MR BERRY ALFIE O'NEILL 000000000059317748 089070     30 01AUG16 02:51,,14,19347.23
01/08/2016,FASTER_PAYMENTS_INCOMING,'30-92-79,01216391,MS BROWN HAMISH BROWN 000000000059317291 089070     30 01AUG16 02:50,,14,19333.23
01/08/2016,FASTER_PAYMENTS_INCOMING,'30-92-79,01216391,MR & MRS WALLIS SAM WALLIS 000000000059317097 089066     30 01AUG16 02:50,,14,19319.23
01/08/2016,FASTER_PAYMENTS_INCOMING,'30-92-79,01216391,DOCTOR & MS WARREN S WARREN 000000000059316846 089070     30 01AUG16 02:50,,14,19305.23
01/08/2016,FASTER_PAYMENTS_INCOMING,'30-92-79,01216391,REVEREND & REVEREN 000 000000000059309496 089002     30 01AUG16 02:46,,14,19291.23
01/08/2016,FASTER_PAYMENTS_INCOMING,'30-92-79,01216391,GILDEROY J J GILDEROY 18025616458031000N 600845     30 01AUG16 02:44,,23,19277.23
01/08/2016,FASTER_PAYMENTS_INCOMING,'30-92-79,01216391,WILKINSON MJ+JM AIDEN WILKINSON RP4651084877614300 202741     30 01AUG16 02:43,,23,19254.23
01/08/2016,FASTER_PAYMENTS_INCOMING,'30-92-79,01216391,ROYLE EMILY FINN GRACE ROYLE FP16213O55328003 070116     30 01AUG16 02:43,,22,19231.23
01/08/2016,FASTER_PAYMENTS_INCOMING,'30-92-79,01216391,HOPE H E I + M HOPE RP4651084877520400 202741     30 01AUG16 02:43,,23,19209.23
01/08/2016,FASTER_PAYMENTS_INCOMING,'30-92-79,01216391,BRYSON LA 1ST FRAM SCOUTS RP4651084877099300 202741     30 01AUG16 02:41,,14,19186.23
01/08/2016,FASTER_PAYMENTS_INCOMING,'30-92-79,01216391,BERRY SJ+EJ MAX SCOUTS RP4651084876908100 202741     30 01AUG16 02:41,,14,19172.23
01/08/2016,FASTER_PAYMENTS_INCOMING,'30-92-79,01216391,LAING G+JA CALLUM LAING RP4651084876930700 202741     30 01AUG16 02:41,,16,19158.23
01/08/2016,FASTER_PAYMENTS_INCOMING,'30-92-79,01216391,THOMAS ID+HE JAMES THOMAS RP4651084877090900 202741     30 01AUG16 02:41,,14,19142.23
01/08/2016,FASTER_PAYMENTS_INCOMING,'30-92-79,01216391,RICHARDSON ROBERT AIDAN RICHARDSON FP16213O55301959 070116     30 01AUG16 02:39,,14,19128.23
01/08/2016,FASTER_PAYMENTS_INCOMING,'30-92-79,01216391,CALLAGHAN PAUL ALEX & DOM CALLAGH FP16213O55289675 070116     30 01AUG16 02:38,,32,19114.23
01/08/2016,FASTER_PAYMENTS_INCOMING,'30-92-79,01216391,MR BARKER & DOCTOR RORY BARKER 000000000059290025 089300     30 01AUG16 02:33,,9,19082.23
01/08/2016,FASTER_PAYMENTS_INCOMING,'30-92-79,01216391,BARR STEVEN CAMERON BARR FP16213O55253008 070116     30 01AUG16 02:32,,14,19073.23
01/08/2016,FASTER_PAYMENTS_INCOMING,'30-92-79,01216391,DIBB WM + FC SCOUTS RP4650985294518900 205817     30 01AUG16 02:29,,14,19059.23
01/08/2016,FASTER_PAYMENTS_INCOMING,'30-92-79,01216391,RITZ R CAMERON RITZ RP4650985294477700 205817     30 01AUG16 02:27,,14,19045.23
01/08/2016,FASTER_PAYMENTS_INCOMING,'30-92-79,01216391,NEAL M S WILLIAM NEAL RP4652784018447600 208968     30 01AUG16 02:17,,14,19031.23
01/08/2016,FASTER_PAYMENTS_INCOMING,'30-92-79,01216391,BURNS&BURNS CALEB OSCAR BURNS 2864526594321314SO 404761     30 01AUG16 02:13,,32,19017.23
01/08/2016,FASTER_PAYMENTS_INCOMING,'30-92-79,01216391,JACQUES BRIAN DYLAN&ERIN JACQUES FP16213O55033240 070116     30 01AUG16 02:01,,23,18985.23
01/08/2016,FASTER_PAYMENTS_INCOMING,'30-92-79,01216391,PANDYA U & S ISHAAN & AAYUSH 29024936641699000N 515001     30 01AUG16 01:59,,23,18962.23
01/08/2016,FASTER_PAYMENTS_INCOMING,'30-92-79,01216391,CLEMENTS E M P PIPPA CLEMENTS 33024905418367000N 543046     30 01AUG16 01:57,,14,18939.23
01/08/2016,FASTER_PAYMENTS_INCOMING,'30-92-79,01216391,BRUNTON&BRUNTON SAM BRUNTON 4189796494321314SO 404760     30 01AUG16 01:57,,14,18925.23
01/08/2016,FASTER_PAYMENTS_INCOMING,'30-92-79,01216391,REYNOL&MILLI BEAVERS 6588764364321310SO 403534     30 01AUG16 01:56,,14,18911.23
01/08/2016,FASTER_PAYMENTS_INCOMING,'30-92-79,01216391,FURNESS R JACOB MCLEAN 9859797464321303SO 401201     30 01AUG16 01:44,,14,18897.23
01/08/2016,FASTER_PAYMENTS_INCOMING,'30-92-79,01216391,WILSON RW&CH 81039199 9290798174321309SO 403205     30 01AUG16 01:43,,14,18883.23
01/08/2016,DEPOSIT,'30-92-79,01216391,500115     30JUL16,,261,17950.36
01/08/2016,FASTER_PAYMENTS_INCOMING,'30-92-79,01216391,STANLEY H ALEX S SUBS 6944244174321305SO 401931     30 01AUG16 01:38,,14,18855.23
01/08/2016,FASTER_PAYMENTS_INCOMING,'30-92-79,01216391,HUGHES&PINAN SEBASTIAN HUGHES-P 8837434174321305SO 401931     30 01AUG16 01:38,,23,18841.23
01/08/2016,FASTER_PAYMENTS_INCOMING,'30-92-79,01216391,LEE S F EDMUND CHEUNG 7574104174321305SO 401931     30 01AUG16 01:38,,14,18818.23
01/08/2016,FASTER_PAYMENTS_INCOMING,'30-92-79,01216391,LEE S F JENNA CHEUNG 6664104174321305SO 401931     30 01AUG16 01:38,,9,18804.23
01/08/2016,FASTER_PAYMENTS_INCOMING,'30-92-79,01216391,GILLILAND LM HAYDEN GILLILAND 4415433174321305SO 401931     30 01AUG16 01:38,,23,18795.23
01/08/2016,FASTER_PAYMENTS_INCOMING,'30-92-79,01216391,HEPPLE L J   V91 JAMES MITCHELL 29024613554382000N 602421     30 01AUG16 01:37,,14,18772.23
01/08/2016,FASTER_PAYMENTS_INCOMING,'30-92-79,01216391,HOULT IP&JL I HOULT BEAVER SUB 4015951564321315SO 404780     30 01AUG16 01:35,,14,18758.23
01/08/2016,FASTER_PAYMENTS_INCOMING,'30-92-79,01216391,MR MJ EGGINTON   M HANNAH EGGINTON 31127651921044F7SW 405162     10 01AUG16 01:29,,14,18744.23
01/08/2016,FASTER_PAYMENTS_INCOMING,'30-92-79,01216391,LOMAS M R BEN LOMAS 9560736564321313SO 404511     30 01AUG16 01:28,,14,18730.23
01/08/2016,FASTER_PAYMENTS_INCOMING,'30-92-79,01216391,KEMP S J JAKE KEMP 9836295264321305SO 401741     30 01AUG16 01:28,,14,18716.23
01/08/2016,FASTER_PAYMENTS_INCOMING,'30-92-79,01216391,BOWERY ALLISON C ABBIE NELSON 8681095264321305SO 401741     30 01AUG16 01:28,,14,18702.23
01/08/2016,FASTER_PAYMENTS_INCOMING,'30-92-79,01216391,MUDALAGIRI H/GRAD ASHWIN MUDALAGIRI 02023328138846000R 160008     30 01AUG16 01:26,,14,18688.23
01/08/2016,FASTER_PAYMENTS_INCOMING,'30-92-79,01216391,RICHARDSON AG&HM 1ST FRAM SCOUT GRP 2762927105321314SO 404775     30 01AUG16 01:26,,14,18674.23
01/08/2016,FASTER_PAYMENTS_INCOMING,'30-92-79,01216391,NATTRASS J&E ALEX/JOSH NATTRASS 7330934074321307SO 402527     30 01AUG16 01:20,,14,18660.23
01/08/2016,FASTER_PAYMENTS_INCOMING,'30-92-79,01216391,LAURA CARR J 00151508632BBCFJPR 090128     30 01AUG16 01:17,,23,18646.23
01/08/2016,FASTER_PAYMENTS_INCOMING,'30-92-79,01216391,HUNT ROMITA ROBERT HUNT 0585851594321314SO 404761     30 01AUG16 01:13,,14,18623.23
01/08/2016,FASTER_PAYMENTS_INCOMING,'30-92-79,01216391,TOWNLEY&TODD HARRY TODD SCOUTS 5330170594321314SO 404761     30 01AUG16 01:13,,14,18609.23
01/08/2016,FASTER_PAYMENTS_INCOMING,'30-92-79,01216391,IRENA LENTOWICZ FRAM SCOUTS 00151499632BBFSBBQ 090126     30 01AUG16 01:10,,14,18595.23
01/08/2016,FASTER_PAYMENTS_INCOMING,'30-92-79,01216391,MR ANDREW CAWKWELL ANDREW CAWKWELL 53240655701101F7SW 405162     10 01AUG16 01:09,,14,18581.23
01/08/2016,FASTER_PAYMENTS_INCOMING,'30-92-79,01216391,TODNER ST 03023921741274000N 535010     30 01AUG16 00:50,,14,18567.23
01/08/2016,FASTER_PAYMENTS_INCOMING,'30-92-79,01216391,CLAIRE MCGROTHER CHARLOTTEMCGROTHER 00152053632BLKRMKZ 090136     30 01AUG16 00:34,,14,18553.23
01/08/2016,DIRECT_DEBIT,'30-92-79,01216391,EDF ENERGY 671070895395,41,,18539.23
01/08/2016,DIRECT_DEBIT,'30-92-79,01216391,NORTHUMBRIAN WATER 210029320010,24.63,,18580.23
01/08/2016,STANDING_ORDER,'30-92-79,01216391,G FIELD JACK,,14,18604.86
01/08/2016,STANDING_ORDER,'30-92-79,01216391,D HOWELL ETHAN HOWELL,,14,18590.86
01/08/2016,STANDING_ORDER,'30-92-79,01216391,S WRIGHT LUKAS WRIGHT,,14,18576.86
01/08/2016,STANDING_ORDER,'30-92-79,01216391,R PARKINSON JOSEPH PARKINSON,,14,18562.86
01/08/2016,FASTER_PAYMENTS_INCOMING,'30-92-79,01216391,MONIKA AGGARWAL ADITYA SCOUTS FEE 00153425632BJHGQMZ 090128     30 01AUG16 00:16,,14,18548.86
01/08/2016,STANDING_ORDER,'30-92-79,01216391,A QUINN MEGAN QUINN,,14,18534.86
01/08/2016,STANDING_ORDER,'30-92-79,01216391,A ARTHUR LEAH'S SCOUTS,,14,18520.86
01/08/2016,FASTER_PAYMENTS_INCOMING,'30-92-79,01216391,JANICE OAKES MASONNOWELL BEAVER 00151384632BBCSJNF 090128     30 01AUG16 00:12,,14,18506.86
01/08/2016,FASTER_PAYMENTS_INCOMING,'30-92-79,01216391,ROBERT DODDS JOSH &EMMA DODDS 00151384632BBCSJMQ 090128     30 01AUG16 00:12,,14,18492.86
01/08/2016,STANDING_ORDER,'30-92-79,01216391,J WELLS RYAN WELLS,,14,18478.86
01/08/2016,STANDING_ORDER,'30-92-79,01216391,I RAINE JAKE RAINE SUBS,,14,18464.86
01/08/2016,FASTER_PAYMENTS_INCOMING,'30-92-79,01216391,KRIS ETHERINGTON CONNOR HAMILTON 00151384632BBCSHSQ 090128     30 01AUG16 00:12,,14,18450.86
01/08/2016,FASTER_PAYMENTS_INCOMING,'30-92-79,01216391,STEPHEN BOTONE CONNOR BOTONE 00151384632BBCSGVC 090126     30 01AUG16 00:11,,23,18436.86
01/08/2016,STANDING_ORDER,'30-92-79,01216391,D THOMAS MEGAN THOMAS,,14,18413.86
01/08/2016,STANDING_ORDER,'30-92-79,01216391,LINDA HENDERSON GR,,23,18399.86
01/08/2016,STANDING_ORDER,'30-92-79,01216391,L DING DINGYI MA,,14,18376.86
01/08/2016,STANDING_ORDER,'30-92-79,01216391,A BARTELL ROBERT BARTELL,,14,18362.86
01/08/2016,FASTER_PAYMENTS_INCOMING,'30-92-79,01216391,P COPPLE & REDDING BEAVERS GROUP 33023208044981000R 163327     30 01AUG16 00:11,,9.5,18348.86
01/08/2016,STANDING_ORDER,'30-92-79,01216391,C BOOTH EMILY BOOTH,,14,18339.36
01/08/2016,STANDING_ORDER,'30-92-79,01216391,M ROFFE BEAVERS,,14,18325.36
01/08/2016,STANDING_ORDER,'30-92-79,01216391,A JARDINE WILLIAM BEAVERS,,14,18311.36
01/08/2016,STANDING_ORDER,'30-92-79,01216391,J ROBINSON DANIEL ROBINSON,,23,18297.36
01/08/2016,STANDING_ORDER,'30-92-79,01216391,JOHNSON J. ROSS JOHNSON,,14,18274.36
01/08/2016,STANDING_ORDER,'30-92-79,01216391,OAKLEY 396035F JAMES OAKLEY,,14,18260.36
01/08/2016,STANDING_ORDER,'30-92-79,01216391,HACKETT SAM HACKETT,,14,18246.36
01/08/2016,STANDING_ORDER,'30-92-79,01216391,M BOYLE OCEAN OSBORNE,,14,18232.36
01/08/2016,STANDING_ORDER,'30-92-79,01216391,E KIME JAMES KIME,,14,18218.36
01/08/2016,STANDING_ORDER,'30-92-79,01216391,A DYER JASON - TUES CUBS,,14,18204.36
01/08/2016,STANDING_ORDER,'30-92-79,01216391,C LAIDLER BEAVERS,,15,18190.36
01/08/2016,STANDING_ORDER,'30-92-79,01216391,B MARLEY THOMAS/ALEX MARLEY,,23,18175.36
01/08/2016,FASTER_PAYMENTS_INCOMING,'30-92-79,01216391,LOADMAN S & C LUKE LOADMAN 62023235689404000N 523044     30 01AUG16 00:04,,14,18152.36
01/08/2016,STANDING_ORDER,'30-92-79,01216391,S BELL SUBS ADAM BELL,,14,18138.36
01/08/2016,STANDING_ORDER,'30-92-79,01216391,L CHARLTON CAIN CLEASBY,,14,18124.36
01/08/2016,STANDING_ORDER,'30-92-79,01216391,K ADAMS HANNAH ADAMS,,23,18110.36
01/08/2016,STANDING_ORDER,'30-92-79,01216391,G HUNTER SCOUTS,,21,18087.36
01/08/2016,STANDING_ORDER,'30-92-79,01216391,BASDEN ELI+MIM BASDEN SUB,,23,18066.36
01/08/2016,STANDING_ORDER,'30-92-79,01216391,PAGE MR PAGE,,23,18043.36
01/08/2016,STANDING_ORDER,'30-92-79,01216391,ANGELA PATTINSON ALEX FOLLESA,,14,18020.36
01/08/2016,FASTER_PAYMENTS_INCOMING,'30-92-79,01216391,JEFFERSON SP&NE/AD BJEFFERSON BEAVERS 20023215955086000N 523044     30 01AUG16 00:03,,14,18006.36
01/08/2016,FASTER_PAYMENTS_INCOMING,'30-92-79,01216391,HALL C & K AIDY HALL 60023155007949000N 523044     30 01AUG16 00:01,,14,17992.36
01/08/2016,FASTER_PAYMENTS_INCOMING,'30-92-79,01216391,MRS EMMA L BROWN HARRY BROWN 51023030265579000R 160039     30 01AUG16 00:00,,14,17978.36
01/08/2016,FASTER_PAYMENTS_INCOMING,'30-92-79,01216391,TIMMINS PG&JM/CP SIMON TIMMINS 36023143102884000N 523044     30 01AUG16 00:00,,14,17964.36
01/08/2016,FASTER_PAYMENTS_INCOMING,'30-92-79,01216391,SEMPLE S J JACOB REYNOLDS 2639174174321305SO 401931     30 01AUG16 01:38,,14,18869.23
