id,forename,pname,surname,section,movementInfo,,parentsName,parentsNameAlt,waitingStart,beaverStart,cubStart,scoutStart,explorerStart,leaderStart,resigned
247,Ben,,Lomas,1,Claire to contact when old enough,,Miriam Lomas,Chris Lomas,1304726400,1463011200,0,0,0,0,0
463,Oliver,,Watson,1,offered thurs 4/4/15,,Catherine & Robert,,1377993600,1429142400,0,0,0,0,0
553,Charlie,,Turner,1,"Em,ailed to ask pref, 10/3/15 (Ali) Offered Thurs place 4/4/15",,Diane Turner,,1388966400,1429142400,0,0,0,0,0
592,Rory,,Barker,1,Emailed to ask preference 23/6/15,,Claire McGregor,Philip Barker,1396396800,1441670400,0,0,0,0,0
649,Lucus,,Howard,1,Emailed to ask preference 8/12/14.  No pref. Offered place Thur 14/12/14,,Denise howard,,1417996800,1420675200,0,0,0,0,0
659,Daniel,,Hickey,1,Would like to move to Thursday Beavers - possibly moving Nov 2015 if space,,Amanda Hickey,David Neill (Grandad),1421107200,1429488000,0,0,0,0,0
660,Tom,,Robinson,1,"To start after Easter.  Thurs preferred, but monday also fine. Offered thurs 4.4.15",,Nancy Robinson,Chris,1421193600,1429142400,0,0,0,0,0
661,Oliver,,Roberts,1,"Thurs preferred, either night okay. Offerd Thurs 4/415",,Helen Roberts,Steven Roberts,1421193600,1429142400,0,0,0,0,0
663,Thomas,,Cummings,1,"19/8 decided to remain on waiting list for Thursday beavers instread, Offered space at Thursday 02/12/2015",,Jenny Cummings,Tom Cummings,1421712000,1452124800,0,0,0,0,0
665,Oliver,,Talks,1,Contacted 03/07 (SW) Wants Tuesday Beavers,,Lindsay Talks,Alex Talks,1422230400,1468454400,0,0,0,0,0
671,Daniel,,Askey,1,,,Samantha Askey,Phil Askey,1425945600,1429142400,0,0,0,0,0
673,Oscar,,Cawkwell,1,,,Victoria,Andrew Cawkwell,0,1426118400,0,0,0,0,0
678,Sean,,Collins,1,offered thur  4/4/15,,John,,1427068800,1429142400,0,0,0,0,0
683,Lukas,,Wright,1,"JG Contacted: Starting MB 22nd Feb 2016, now joining Thursday Beavers after Feb half term.",,Simon Wright,Inge Wright,1427932800,1456099200,0,0,0,0,0
694,William,,Gibson,1,15/7 Would prefer Thursday Beavers,,Laura Gibson,James (dad),1430870400,1441843200,0,0,0,0,0
700,Hannah,,Egginton,1,24/06/15 - Would like to remain on Waiting list for Thursday Beavers,,Rebecca Rose,Michael Egginton,1433548800,1441843200,0,0,0,0,0
708,Theo,,Dubbeldam,1,Contacted 03/07 (SW) Wants Tues or Thurs Beavers,,Paula Dubbledam,Marc Dubbledam,1435276800,1468454400,0,0,0,0,0
719,Mason,,Nowell,1,"Would like Thursday Beavers, Offered as space at Thursday 02/12/2015",,Janice Oakes,Geoff Nowell,1440028800,1449705600,0,0,0,0,0
724,Harry,,Laidler,1,Waiting for a space in Thursday Beavers - to join Oct half term at latest,,Clare Laidler,Stuart Laidler,0,1442448000,0,0,0,0,0
727,Aidan,,Richardson,1,"DoB sometime in July.  Contacted by Ali to ask night pref, 6/9/15  Would like Thursdays, Offered Space at Thursday 02/12/2015",,Claire Richardson,Rob Richardson,1441497600,1452124800,0,0,0,0,0
760,Kit,,Briggs-Brown,1,,,Nick Brown,Jenny Briggs,1453075200,1453334400,0,0,0,0,0
808,Iesha,,Tharakan,1,Contacted 03/07 (SW) Would like Thursday Beavers,,Amy Tharakan,Atay Tharakan,1462147200,1468454400,0,0,0,0,0
840,Harry,,Kemp,1,,,Chris Kemp,,0,1473292800,0,0,0,0,0
638,Ryan,,Wells,2,Moving to Tuesday Cubs in January 2016,,Julie Wells,Gavin Wells,1412208000,1415577600,1451692800,0,0,0,0
160,Euan,,Copple,2,Tuesday Cubs - Sept 2014,,Gabrielle Reddington,Phil Copple,1277337600,1346889600,1409616000,0,0,0,0
355,Tilly,,Barker,2,Prefer Tuesday cubs,,Claire  McGregor,Philip Barker,1331596800,1347235200,1415059200,0,0,0,0
358,Aiden,Aiden,Wilkinson,2,Email sent 28/10/12.  Wants to join Thursday - Sarah to contact. Preference for Tuesday Cubs.,,Joanne Wilkinson,,1332374400,1352332800,1420502400,0,0,0,0
384,Lucy,,Adams,2,moved to Tuesday Cubs,,Katie Adams,,1343347200,1363824000,1429056000,0,0,0,0
406,Nicholas,,Morgan,2,,,Alan Morgan,Lorna Morgan,1348358400,1357516800,1420848000,0,0,0,0
458,Hayden,,Gilliland,2,Will join Thursdays - emailed 14/3/13. Wants Tuesday Cubs at Feb half term 2015,,Lindy Gilliland,David Gilliland,1360108800,1366848000,1424736000,0,0,0,0
520,Owen,,Wheeler,2,Moved to Tues Cubs Nov 2015 To Wed Cubs in Sept,,Joanne Wheeler,Mark Wheeler,1378771200,1379894400,1445472000,0,0,0,0
534,Ellis ,,Roffe,2,Needs Tuesday Cubs.,,Michelle Roffe (Mum),Rick Roffe (Dad),1379635200,1381708800,0,0,0,0,0
543,Joshua,,Bostock,2,Emailed by Ali 26/2/14.  Will join Thursdays on 6/3/14,,Aurora Bostock,Phil Bostock,1384732800,1394064000,1459468800,0,0,0,0
558,Alex,,Follesa,2,Tuesday Cubs after may bank holiday -  JG emailed to query Wed Cubs after Easter 2016 tbc - Angela Conf: Wishes to wait for space in Tuesday - to revisit in Summer Term tbc,,Angela Bell,Patricia Bell,1389830400,1404086400,1465257600,0,0,0,0
573,Ashwin ,,Mudalagiri,2,,,Dr Rushi Mudalagiri,Roshelle Mudalaguiri,0,1392249600,1456185600,0,0,0,0
581,Marianne,,Hope,2,"Emailed by Ali 7/3/14 - tWants to join Thursdady - waiting for a space  Offered space for Thursday, 17/5/14.  Joining Thursday 5/6/14",,Hazel Hope,Andrew Hope,1394150400,1401926400,1424736000,0,0,0,0
584,Alfie,,Palsson,2,"Tues Cubs. Either fine, prefer monday.  Offered T on 6/9/14",,Angela Todd,Lars-Olof Palsson,1394323200,1410393600,1451606400,0,0,0,0
588,Annabel,,Wade,2,Tuesday Cubs - Sept 2015,,Jenny Search,Neil Wade,0,1395878400,1441670400,0,0,0,0
594,Ben,,Jefferson,2,Wants Tuesday cubs,,Nikki Jefferson,Simon Jefferson,1396828800,1410134400,1445385600,0,0,0,0
762,Mary,,Botone,2,Tuesday Cubs Required,,Clare,Stephen,1396310400,0,1459468800,0,0,0,0
650,Sam,,Jarvis,2,"Joining Tues Cubs Jan 2016. Emailed by ali, 2/1/15, offered Thurs place. Emailed again on 26/2/15, after contact from Charlotte.  Joining Thurs on 5/3/15",,Charlotte Jarvis,Darren Jarvis,1418774400,1425513600,1451692800,0,0,0,0
687,Harry,,Todd,2,Initial contact by Ali 17/4/15.  Emailed re Tues Group 23/06/15,,Darryl Todd,Angela Todd,1429315200,1441670400,1473120000,0,0,0,0
735,Isabella,,Brown,2,Tues Cubs - end Oct Transferring to Tuesday Beavers in Sept,,,,1442361600,1442361600,1478304000,0,0,0,0
748,Leah,,Arthur,2,tuesday cubs - end oct,,Paul Arthur,Andrea Arthur,1445212800,1445212800,1478304000,0,0,0,0
777,Jake,,Raine,2,Wed Scouts Nov 16,,Louisa Raine,Ian,0,0,1454976000,0,0,0,0
797,Grace,,Royle,2,contacted re Tue Cubs to start June 16,,Emily Royle,Andrew,1458777600,0,1464739200,0,0,0,0
812,Jason,,Dyer,2,,,Allan Dyer,Nette Cayzon,1463788800,0,1464739200,0,0,0,0
849,Hollin,,Solstice,2,to Tues Cubs (from elvet cubs),,Beth Currie,Wilf,1473984000,0,1474934400,0,0,0,0
850,Lleu,,Whitker,2,to Tues Cubs (from elvet cubs),,,,1473984000,0,1474934400,0,0,0,0
55,Jacob,Jacob,Richardson,3,10996760,,Helen Richardson,Andrew Richarson,1236470400,1262304000,1334707200,0,0,0,0
117,Luke,,Curry,3,Friday Scouts,,Alyson Curry,Mrs D Tinkler,1257984000,1300060800,1367280000,1441065600,0,0,0
109,Ben,,Todner,3,Friday Scouts,,Sue Todner,Di Holmes (gm),1255132800,1298851200,1367280000,1441065600,0,0,0
125,Thomas,,Barker,3,,,Claire McGregor,Philip Barker,1264809600,1286323200,1341964800,0,0,0,0
140,Robert,,Hunt,3,Moving to Friday Scouts after the summer.,,Romita Hunt,Paul Hunt,1272844800,1293840000,1329782400,0,0,0,0
165,Matthew,,Page,3,,,Catherine Page,Steven Page,1273881600,1293840000,1347321600,1424995200,0,0,0
185,Padraig,,Collins,3,Scouts: Feb Half Term 2014,,John Collins,Jennifer Jennings,1284854400,1293840000,1318377600,0,0,0,0
261,Adam,,Taylor,3,,,Sarah Taylor,Stephen Taylor,1306108800,1307232000,1352246400,0,0,0,0
289,Daniel,,Laidler,3,,,Donna Austin,James Laidler,1312675200,1315958400,0,0,0,0,0
292,Callum,,Laing,3,Wed Scouts Oct 2015,,Julie Laing,Glynn Laing,1313020800,1315958400,1378771200,1445385600,0,0,0
306,Harry Robert,,Moss,3,10999100,,"Anderw Moss (Dad), Helen Moss (Mum)",,0,1310256000,1346803200,1420070400,0,0,0
311,Philippa (Pippa),,Clements,3,,,Emma and Richard Clements,,0,0,1315872000,0,0,0,0
338,James,,Manghan ,3,Feb Half Term 2015,,Laura Johnstone/Carr (Mum),Nigel - Stepdad,1326931200,1329004800,1347321600,1424995200,0,0,0
362,Jenny,,Grehan-Bradley,3,,,Bridget & Matthew,,1335139200,0,0,1361232000,0,0,0
377,Joseph,,Parkinson,3,fri scouts,,Rachel Parkinson,Paul Parkinson,0,1340236800,1351728000,1424995200,0,0,0
433,Zoe,,Kimura,3,Friday Scouts,,,,1357603200,0,0,0,0,0,0
472,Emma,,Dodds,3,Fri scouts Josh,,Dawn Dodds,Rob Dodds,1368144000,0,0,1373587200,0,0,0
530,Alexander,,Royle,3,moving to Friday Scouts after May half term,,Richard and Julia Royle,Julia Royle,0,0,1378771200,1465516800,0,0,0
529,Matthew,,Childs,3,10996776,,Cassie Childs,John Childs ,0,0,1378771200,0,0,0,0
531,Nicholas,,Royle,3,moving to Friday Scouts after May half term,,Richard and Julia Royle,Julia Royle,0,0,1378771200,1465516800,0,0,0
538,Matthew,,Maddison,3,,,Rebecca Maddison,,0,0,1381276800,0,0,0,0
565,Thomas George,,Williams,3,Moved from 5th Durham,,Alison Williams,,1400630400,1335312000,1393372800,0,0,0,0
566,Rohan,,Narayanan,3,Moved from 5th Durham,,Kilmangalam Narayanan,Lima Narayanan,0,1346803200,1393372800,0,0,0,0
583,Imogen,,Hope,3,Wants to join Friday scouts at 10.,,Hazel Hope,,1394236800,0,0,0,0,0,0
613,Kieran,,Aunger,3,,,Susan Aunger,William Aunger,0,0,0,1398988800,0,0,0
652,Megan,,Thomas,3,,,Belinda Thomas,David Thomas,0,0,0,1414540800,0,0,0
721,Adam,,Bell,3,,,Stephen Bell,,0,0,0,1420070400,0,0,0
722,Connor,,Botone,3,,,Clare Botone,,0,0,0,1425168000,0,0,0
732,Abigail,,Reid,3,,,Gemma Reid,,0,0,0,1441324800,0,0,0
23,Caleb,Caleb,Burns,4,903937,,"Stephen Burns (Dad), Rachel Burns (Mum)",Rachel Burns,0,0,1251676800,1325376000,1441584000,0,0
30,Benjamin Richard,Ben,Gray,4,904134,,"Linda Gray (Mum), Jamie Gray (Dad)",,0,1233187200,1263254400,0,1451865600,0,0
35,Daniel James,Daniel,McLaughlin,4,904175,,"Richard McLaughlin (Dad), Denise McLaughlin (Mum)",,0,1221004800,1284336000,1352246400,1473033600,0,0
60,Sam,,Hackett,4,,,Helen + Simon Hackett,,1251158400,0,0,1276732800,1421020800,0,0
78,George Alfred,George Alfred,Theakston,4,Jan-14,,Colin Theakston and Jo Day,,0,0,1204329600,1261008000,1409529600,0,0
79,Charlotte,Charlotte,Hunter,4,,,Gordon Hunter,,0,0,1214784000,1271894400,0,0,0
156,Dylan ,,Jacques,4,904143,,"Brian Jacques (Dad), Carol Jacques (Mum)",,1274745600,0,1298937600,1329868800,1451865600,0,0
172,Joshua,,Dodds,4,,,Robert & Dawn Dodds,,0,0,0,1279152000,1409529600,0,0
188,Jordon Keiron,,Pattison,4,,,"Emma Pattison (Stepmum), Chris Pattison (Dad)",,1285804800,0,1298937600,0,1473033600,0,0
190,Matthew,,Reeves,4,,,Joan Hanson,Tom Reeves,0,0,0,1287619200,1347235200,0,0
204,Emily ,,Booth,4,,,Carol Booth,Colin Booth,0,0,0,1294358400,1414972800,0,0
205,Saskia,,Warren,4,,,Debby Warren,Julian Warren,0,0,0,1294358400,1414972800,0,0
241,Joseph Andrew,,Keogan,4,904146,,"Katy Keogan (Mum), Tony Keogan (Dad)",,0,0,0,1304380800,1441584000,0,0
276,Matthew,Matthew,Edge,4,,,Alastair Edge,Irena,1307923200,0,0,1308787200,1421020800,0,0
314,James Martin,,Kime,4,879037,,"Elizabeth Kime (Mum), Stephen Kime (Dad)",,1317427200,0,0,1329868800,1441584000,0,0
327,Alice,,Theakston,4,,,Colin,,1320278400,0,0,1348790400,1473033600,0,0
333,Robert,,Bartell,4,,,Allison Bartell,Mike Bartell,0,0,0,1325635200,0,0,0
345,Anna,,Kimura,4,,,Bobbie Kimura,Atchi Kimura,1329955200,0,0,1366329600,1473033600,0,0
456,James,,Thomas,4,,,Ian Thomas,Helen Thomas,0,0,0,0,1362355200,0,0
461,Edmund,,Cheung,4,previously 19 NX,,Flora Cheung,Gordon Cheung,0,0,0,0,1364169600,0,0
465,Jenna,,Cheung,4,,,Flora Cheung,Gordan Cheung,0,0,0,1366934400,1414972800,0,0
522,Aidan,,Goodhew,4,,,L Goodhew,D Goodhew,0,0,0,0,1378080000,0,0
632,Other,,Emails,4,,,,,0,0,0,0,0,0,0
640,Simon,,Timmins ,4,,,Janice,Philip,0,0,0,0,1412553600,0,0
653,Laura,Laura ,Hewitt,4,,,Mary Hewitt,Phill Hewitt,0,0,0,1413504000,1473033600,0,0
731,Louis,,Davies,4,,,Sarah Davies,James Harris,0,0,0,0,1441584000,0,0
754,Will,,Lindsey,4,,,Julia,Phil,0,0,0,0,1451865600,0,0
1,John ,John,Little,5,,,,Claire Little,0,0,0,0,0,1243728000,0
2,Claire,,Little,5,,,,,0,0,0,0,0,1251676800,0
11,Richard,,Baker,5,,,,,0,0,0,0,0,0,0
12,David,David,Baker,5,,,Richard,,0,0,0,0,0,0,0
253,Sarah,,Williams,5,,,,,0,0,0,0,0,1304121600,0
250,Luke,,Garnham,5,,,,,0,0,0,0,0,1304553600,0
118,Lewis,,Dawe,5,,,Deborah Price,,0,1104537600,1167609600,1259625600,1347235200,1461715200,0
170,Adam,,Dawe,5,,,Deborah and Andrew Price,,0,0,0,0,0,1278115200,0
192,Dianne,,Baker,5,,,,,0,0,0,0,0,1288569600,0
199,Matthew,,Funnell,5,,,,,0,0,0,0,0,1288569600,0
200,Iain,,Wood,5,,,,,0,0,0,0,0,1289347200,0
209,Alistar,,Basden,5,,,,,0,0,0,0,0,1295481600,0
216,George,,Cooke,5,,,,,0,0,0,0,0,1296518400,0
325,Shirley,,Ferguson,5,,,,,0,0,0,0,0,1317427200,0
326,Karen,,Murphy,5,,,,,0,0,0,0,0,1317427200,0
335,William,,Coombs,5,,,,,0,0,0,0,0,1325376000,0
371,Jonathon,,Gilderoy,5,,,,,0,0,0,0,0,1337040000,0
408,Rich,,Williams,5,,,,,0,0,0,0,0,1346457600,0
424,Holly,,Robson-Marchant,5,,,,,0,0,0,0,0,1349049600,0
595,Helen,,Richardson,5,,,,,0,0,0,0,0,1394841600,0
443,Vic,,Menzies,5,,,,,0,0,0,0,0,1354320000,0
526,Andrew,,Richardson,5,,,,,0,0,0,0,0,0,0
608,Michael,,Bryden,5,,,,,0,0,0,0,0,1398902400,0
609,Aidan,,Birkbeck,5,,,,,0,0,0,0,0,1401580800,0
704,Leigh,Leigh,Callaghan,5,,,,,0,0,0,0,0,1433116800,0
657,Catherine,,Page,5,,,,,0,0,0,0,0,1388534400,0
668,Anthony,,Weedon,5,,,David Weedon,Ruth Weedon,0,0,0,0,0,1422230400,0
738,Claire,,Gilderoy,5,,,,,0,0,0,0,0,1441065600,0
739,Hazel,,Hope,5,,,,,0,0,0,0,0,1425168000,0
740,Stephen,,Bell,5,,,,,0,0,0,0,1409529600,0,0
742,Chris,,Kemp,5,,,,,0,0,0,0,0,1409529600,0
743,Edith,,Gilderoy,5,,,,,0,0,0,0,0,1377993600,0
744,Becky,,Barker,5,,,,,0,0,0,0,0,1380585600,0
745,Tom,,Kitchen,5,,,,,0,0,0,0,0,1377993600,0
799,Jos,,Garratt,5,,,,,0,0,0,0,0,0,0
801,Philip,,Robinson,5,,,,,0,0,0,0,0,1443657600,0
802,Lauren,,Crawford,5,,,,,0,0,0,0,0,1420070400,0
16,David,,Milner,6,,,,,-1,-1,-1,-1,-1,-1,-1
111,David,,Wigham,6,,,,,-1,-1,-1,-1,-1,-1,-1
154,Andrew + Sharon ,,Lingwood,6,,,,,-1,-1,-1,-1,-1,-1,-1
329,Isabel,,Park,6,,,,,0,0,0,0,0,1321574400,0
315,Ethan,,Morley,7,,,Mrs L Morley,,1317859200,1322092800,1352246400,0,0,0,0
621,Philip,,Laing,7,would like tues cubs,,Susan,,1409443200,0,0,0,0,0,0
536,Matthew,,Mulgrew,7,,,Nicky,,1356998400,0,0,0,0,0,0
729,Matthew,,Henderson,7,JG contacted 3/12/15:  Phoning Father 04/12 - Interested in MB:  Starting 11/4 Didn't start and no contact from parents despite emails.  Placed back on waiting list tbc if responds since no contact from parent,,Garry Henderson,,1441670400,0,0,0,0,0,0
606,James,,Little,7,,,John Little,Claire Little,1401667200,0,0,0,0,0,0
620,Elizabeth ,,George,7,,,Hannah George,,1398038400,0,0,0,0,0,0
648,Lewis,,Truby-Kelly,7,contact for preference,,,,1416528000,0,0,0,0,0,0
656,Lucas,,Ransom,7,,,,,1420416000,0,0,0,0,0,0
677,Leah,,Mathew,7,Joining Wed cubs.,,R Mathew,,1426636800,0,0,0,0,0,0
679,Jack,,Coverdale,7,Would like Tues Beavers,,Nick Coverdale,,1427328000,0,0,0,0,0,0
680,Harry,,Bellis,7,,,Lucy Cook,,1427414400,0,0,0,0,0,0
684,Aidan,,Minns,7,13/10 Wants Tues,,Caroline Minns,,1431388800,0,0,0,0,0,0
689,Harey,,France,7,Email sent to parent asking for night preference. (LC)15/9,,,,1429833600,0,0,0,0,0,0
690,Sunanya,,Aggarwal,7,,,Monika Aggarwal,,1429833600,0,0,0,0,0,0
691,Thomas,,Whitelock,7,,,Eleanor Whitelock,,1430092800,0,0,0,0,0,0
692,Zain,,Salama,7,,,Mona Saleh,,1430352000,0,0,0,0,0,0
693,Ben,,Hawkins,7,,,Gemma Hawkins,,1430784000,0,0,0,0,0,0
697,Jacob,,Wilson,7,Email sent to parent asking for night preference. (LC)15/9,,Lynne Wilson,,1431648000,0,0,0,0,0,0
698,Seth,,Wilson,7,,,Lynn WIlson,,1431907200,0,0,0,0,0,0
699,Daniel,,Williamson,7,"Offered Wed place by Ali, 19/7/15",,Helen Howe,,1431907200,0,0,0,0,0,0
716,Jacob,,Davies,7,,,Abigail Thompson,,1438128000,0,0,0,0,0,0
717,Tanish,,Kadarapura,7,Would like Weds Cubs LC- 24/2/16,,Chaitra Suresh,,1439337600,0,0,0,0,0,0
718,Disha,,Kadarapura,7,Brother of Tanish. Prefer MB.  DoB is guess - aged 6 in Jan 2016. No contact details - waiting for contact from parent initially (JG) ,,Chaitra Suresh,,1439337600,0,0,0,0,0,0
720,Lottie,,Wright,7,DoB Feb 2012.,,Simon Wright,,1440028800,0,0,0,0,0,0
833,Leah,,Kimura,7,,,Bobbie Kimura,,1473120000,0,0,0,0,0,0
746,Oluwademilade,,Adisa,7,,,Mrs Adisa,,1446336000,0,0,0,0,0,0
759,Amber,,Johnson,7,"Would like Monday Beavers, wants to wait until Easter, as might not even start.  NB: No contact from parent and no reply:  To move to Cubs after Christmas - Cub Leader to contact asap",,Josie,,1453075200,0,0,0,0,0,0
767,Oliver,,Haswell,7,,,Lisa Haswell,,1454025600,0,0,0,0,0,0
768,Leo,,Fox,7,,,Claire Fox,,1454284800,0,0,0,0,0,0
771,James,,Tingle,7,,,Victoria Bates,,1454284800,0,0,0,0,0,0
782,Aidan,,Bird,7,,,Vikki Bird,,1456272000,0,0,0,0,0,0
784,Daniel,,Cooke,7,,,Audrey Cooke,,1456272000,0,0,0,0,0,0
785,Edward,,Dodds,7,,,Katherine Dodds,,1456272000,0,0,0,0,0,0
786,Rebecca,,Dodds,7,,,Katherine Dodds,,1456272000,0,0,0,0,0,0
807,Ben,,Smith,7,,,Emma Smith,,1462147200,0,0,0,0,0,0
795,Max,,Wade,7,Tues Beavers (LC),,Donna Palmer,,1458259200,0,0,0,0,0,0
796,Finlay,,Duffy,7,,,Lucy Duffy,,1458604800,0,0,0,0,0,0
800,Leo,,Moody,7,,,David Moody,,1459382400,0,0,0,0,0,0
803,Evan,,Wade,7,,,Donna Palmer,,1460246400,0,0,0,0,0,0
805,Harry,,Harkness,7,Would like Tuesday Beavers,,Vrinda Harkness,,1460505600,0,0,0,0,0,0
806,Max,,Moss,7,wld like Mon Beavers - emailed 4/7 (LC),,Kinnie,,1460505600,0,0,0,0,0,0
810,Isobel,,Summerson,7,Thursday good but not bothered.,,Paula Summerson,,1462838400,0,0,0,0,0,0
813,Ruby,,Keogan,7,,,Katy Keogan,,1463875200,0,0,0,0,0,0
814,Alex,,Bailey,7,Would prefer Wed Cubs,,Gail Bailey,,1463875200,0,0,0,0,0,0
816,Ben,,Lawton,7,,,Jon Lawton,,1464825600,0,0,0,0,0,0
818,,,Richardson,7,,,Mandy,,1465516800,0,0,0,0,0,0
820,Sam,,Hogg,7,,,Kelly parker-hogg ,,1465862400,0,0,0,0,0,0
821,Sasha,,Wang,7,AB passed details - new starter form on way:  Mother in China at moment,,Sagara,,1467590400,0,0,0,0,0,0
822,Joy ,,He,7,AB passed details - new starter form on way:  Mother in China at moment - back onto waiting list since no contact from parent and father needed mother to confirm whether wished to attend,,Sagara,,1467590400,0,0,0,0,0,0
824,Thomas,,Speers,7,,,Natalie Speers,,1470009600,0,0,0,0,0,0
826,Matthew,,Rowley,7,Friday or Wed Scouts,,Gayle Rowley,,1471305600,0,0,0,0,0,0
827,Olivia,,Hogg,7,,,Kelly parker-hogg,,1471305600,0,0,0,0,0,0
829,Thomas,,Hagar,7,,,Angela Johnson,,1471305600,0,0,0,0,0,0
859,Leo,,,7,,,Claire Fox,Peter Fox,1476662400,0,0,0,0,0,0
830,Seb,,Roberts,7,,,Helen Roberts,,1473033600,0,0,0,0,0,0
831,Aidan,,Green,7,Wishes to commence MB - possibly Christmas but earlier if space - JG will contact parent if space (possible end Sept 2016),,Suzanne Green,,1473033600,0,0,0,0,0,0
834,Lucas,,Pippet,7,,,Jennie Pippet,,1473120000,0,0,0,0,0,0
835,Alisha,,Pattison,7,,,Emma Pattison,,1462406400,0,0,0,0,0,0
839,Jack,,Brooks,7,,,Gemma Brooks,,1473292800,0,0,0,0,0,0
843,Thomas,,Tallentire,7,,,Nichola kendrick,,1473724800,0,0,0,0,0,0
844,Logan,,Fulton,7,,,Sam Wraith,,1473811200,0,0,0,0,0,0
847,,,Slinger,7,would like Weds,,Andy Slinger,,1473811200,0,0,0,0,0,0
848,Jasper,,Bird,7,,,Alice ,,1473033600,0,0,0,0,0,0
851,Tommy,,Dawson,7,Would like Thursday when there is a space (SW),,,,1475107200,0,0,0,0,0,0
852,Oscar Henry,,Moss,7,Initially enquired about MB but wishes to wait until next year - to contact in 2017 and query which night,,Kinnie Moss,,1475539200,0,0,0,0,0,0
858,Lucas ,,Beddoes,7,,,Katie (Mother),,1476230400,0,0,0,0,0,0
286,Ethan,,Howell,10,Thurs Bvr Request - father may help - Poss MB conf John Little:  Parent contacted - poss 9/5 start Started Monday Beavers 09/05,,Darren Howell,Ladan Howell (Mother),1311638400,1462752000,0,0,0,0,0
554,Ross,,Johnson,10,29/6/15 Would like to remain on waiting for Monday Beavers.  Offered Mon place 14/8/15 by Ali,,Julie Johnson ,Malcolm Johnson,1388966400,1441584000,0,0,0,0,0
559,Rick,,Imber,10,"23/06/15 Can only do Monday or Thursday Beavers  Offered Mon 14/8/15 by Ali,",,Tamsin Imber,Jonny Imber,1390003200,1441584000,0,0,0,0,0
589,Patrick,,Hamill,10,Brother of Fergus (MB).  Joining Monday,,Lesley Hamill,Jonathan Hamill,1395705600,1433116800,0,0,0,0,0
633,Daniel,,Nixon,10,Started MB 26/09/16 JG,,Gemma Nixon,Ian Nixon,1410825600,1474848000,0,0,0,0,0
635,Connor,,Hamilton,10,would like Wed Cubs. Initial contact made.  Wants Mondays.  Ali will contact to offer place after Christmas.  Joining Mondays after Christmas.,,Kris Etherington,Karen,1410912000,1420416000,0,0,0,0,0
654,Jake,,Kemp,10,would like Wed Cubs,,Chris Kemp,Jane Kemp,1418860800,1428883200,0,0,0,0,0
667,Isaac,,Collins,10,JG Contacted - Starting MB 9th May 2016,,Nina,,1430438400,1462752000,0,0,0,0,0
685,Rebecca,,George,10,Starting Mon Beavers - 9th May,,Hannah George,Simon George,1429056000,1462752000,0,0,0,0,0
705,Henry,,Gracey,10,JG Contacted: Starting MB 18th April 2016 ,,Lotta Vaananen,Mike Gracey,1434844800,1460937600,0,0,0,0,0
706,Oliver,,Middleton-Proctor,10,Parent would prefer Mondays (LC) - JG has not contacted parents since needs to check numbers at end of term.  3 new starters on 5th Sept already.  Tues/Thurs - feel free to contact since currently no space MB - 13/9 Offered Tues LC 20/09/2016 Started MB 20/09/2016,,Sarah Middleton,Paul Procter (Dad),1434844800,1474329600,0,0,0,0,0
737,William,,Neal,10,Wants MB (email by Ali 28/9/2015)  Offered MB place 19/10/15 by Ali. Started MB 2nd Nov 2015,,Michelle Neal,Michelle Neal,1443398400,1446422400,0,0,0,0,0
747,Oluwadamilola,,Adisa,10,,,Mrs Bola Adisa,Gemi Adisa,1446336000,1446422400,0,0,0,0,0
752,James,,Mitchell,10,JG Contacted - Starting MB 9/15 may eventually move to Tues tbc - Started MB 09/05,,Lynn Hepple (Mother),Matthew Mitchell,1448409600,1462752000,0,0,0,0,0
766,William,,Jardine,10,would like tues cubs,,Mandy Jardine,Doug Jardine,1454025600,1454284800,0,0,0,0,0
772,Leyton,,Lavelle,10,,,Amy Cairns,,1454112000,1454284800,0,0,0,0,0
775,Josh,,Egginton,10,would like wed cubs jan 2017 - Would like Monday Beavers. Started MB (JG),,Elaine Egginton,Richard Eggington,1455062400,1456099200,0,0,0,0,0
779,Ash,,Vaughan,10,wed cubs feb 2017,,Kirsteen Vaughan,Stu Caughan - Father,1456099200,1456704000,0,0,0,0,0
783,Evan,,Dibb,10,,,Fiona Dibb,William Dibb,1456272000,1456704000,0,0,0,0,0
788,Oisin,,Martin,10,Would like Monday Beavers - Offered 05th September start date tbc 19/09/2016 Started MB,,Pat Martin,Mr Martin,1456444800,1474243200,0,0,0,0,0
817,Eva,,Vaughan,10,Starting Monday Beavers 05th September 2016 - Brother already attends,,Kirsteen Vaughan,Stu Caughan - Father,1465171200,1473033600,0,0,0,0,0
811,Sebastian,,Gonzalez,10,Would like Monday Beavers - offered 05th September 2016 start tbc ,,Mrs Gonzalez,,1463011200,1473033600,0,0,0,0,0
815,Florence Mary ,,Baker,10,Preference for Monday Beavers - has been in contact with JGilderoy - offered 05th September 2016 start tbc 05/09/2016 Started MB,,Stephanie ,,1464652800,1473033600,0,0,0,0,0
825,Madeleine,,Carty,10,monday eve preferred (LC),,Annabel Carty,Mrs Kate Curry,1470873600,1474848000,0,0,0,0,0
832,Gabriel,,Sidoway,10,Started Monday 05/09/2016,,Mr Sidoway,,1451606400,1473033600,0,0,0,0,0
841,Annie,,Jackson,10,15/9 Would like Mondays (LC) 27/09/2016 added to MD to start 3rd Oct JG,,Victoria Jackson,Stephen JAckson,1473379200,1474934400,0,0,0,0,0
845,Amelie Jane,,Ward,10,Starting MB 26/09/16 JG - Started MB,,Mrs Ward,Jonathan Ward,1472688000,1473638400,0,0,0,0,0
294,Louis,,Dubbeldam,11,email sent 4th july re beavers,,Paula Dubbeldam,Mark Dubbledam,1315267200,1346889600,1409788800,0,0,0,0
239,Riley,,Harper,11,,,Kurt Harper,,1302825600,1343865600,1410220800,0,0,0,0
361,Miriam,,Basden,11,To Wed cubs Nov 2015,,Alastair,Oei-Chi Basden,1334620800,1377993600,1441152000,0,0,0,0
302,Sebastian,,Hughes-Pinan,11,May Half Term 2014,,Cristina Pinan,Quentin Hughes (dad),1315785600,1346889600,1409702400,0,0,0,0
298,Joshua,,Gilderoy,11,,,Jonathan,,1315699200,1352073600,1420070400,0,0,0,0
339,Finlay,,Manghan,11,Wed Cubs start Sept 15,,Natalie Johnstone ,Laura Johnstone,1326931200,1378944000,1441152000,0,0,0,0
396,Oliver,,Holmes,11,"Wants Wed Cubs. Emailed by Ali 17/4/14, offered place at Monday. Replied 23/4/14, joining Monday 07/12/15 JG emailed to query Wed Cubs after Easter 2016 - Details sent DB:  Starting Wed after Easter 2016 No Longer Attending MB.  Wishes to wait until Tuesday or Wednesday Cubs - Needs Contacting ASAP about Cubs.  thanks",,Charlotte Marsh,Martin Marsh,1347408000,1398643200,0,0,0,0,0
418,Amelia,,Dubbeldam,11,,,Paula,,1351209600,1391644800,1451952000,0,0,0,0
500,Oscar,,Burns,11,Emailed by Ali 4/7/13.  Will join Thusrdays in Sept,,Rachel Burns,,1372723200,1378944000,1429056000,0,0,0,0
510,Jack,,Patterson,11,Email sent 15/7/13.  Will be joining Thursdays in Sept,,Gemma Field,Joan North,1373846400,1378944000,1420588800,0,0,0,0
552,Tomas,,Gracey,11,"Ali emailed 3/8/14, offered place for mon or thurs.  Joining Mon in Sept 2014 07/12/15 JG Emailed to Query Wed Cubs after Summer 2016.  Starting Wed Cubs Sept 2016 - Details fw to David",,Mike Gracey,Lotta Vaananen,1388620800,1410134400,1468886400,0,0,0,0
557,Airden,,Clark,11,,,Angela Clark,,1389571200,1389571200,1424822400,0,0,0,0
576,Joshua,,Hunter,11,Emailed by Ali 26/2/14. Would prefer Wed Cubs,,Philip Hunter,Samantha Hunter,1393372800,1394064000,1414540800,0,0,0,0
610,Matthew,,Armes,11,Wants Wednesday Cubs cot half term 15,,Lisa Armes,Wendy Smith,1402963200,1409788800,1445990400,0,0,0,0
611,Jacob,,McClelland,11,"staying in Wed Cubs : Emailed 5/7/14 - would prefer Monday.  Offered M, 5/9/14  Joining M 07/12/2015 JG emailed to query Wed Cubs Sept 2016 tbc 04/07/16:  Wishes for Tuesday Cubs - to start Wed in September and poss move to Tues in oct.  Helen has details",,Jayne McClelland,,1404518400,1410134400,1468886400,0,0,0,0
622,Michael,,Troughton,11,Can,,Victoria Troughton,Michael Troughton,1409529600,1410393600,1468886400,0,0,0,0
626,Gabriel,,Hughes-Pinan,11,,,Cristina Pinan,Quentin Hughes,0,1409788800,0,0,0,0,0
628,Luke,,Loadman,11,awaiting wed cubs,,Sonya Loadman,Clark Loadman,0,1409788800,1477958400,0,0,0,0
644,Joshua,,Laidler,11,07/12/15 JG emailed to query Wed Cubs after Summer 2016 - details passed to David Baker - wishes to start Wed after Summer 2016,,Dona Austin,James Laidler,1415145600,1420416000,1468886400,0,0,0,0
658,Alex,,Bailey,11,,,Gail Bailey,,1421020800,1423094400,0,0,0,0,0
707,Orla,,Milliken,11,wants to join Monday - offered Tues group also 23/06/15 - Queried Wed Cubs 07/12/15 after Summer 2016 - Ciara replied: Wishes to take up Wed Cubs.  FW to David Baker,,Ciara Milliken,Toby Reynolds,1434844800,1441670400,1468886400,0,0,0,0
711,Harry,,Brown,11,,,Emma,Michael,1435622400,0,1441152000,0,0,0,0
733,Ishaan,,Pandya,11,,,Shashi Pandya,,1442361600,1442361600,1444953600,0,0,0,0
755,Hollie,,Buckle,11,,,Sharon Buckle,James Buckle,0,0,1448409600,0,0,0,0
756,Max,,Berry,11,,,Simon Berry,,0,0,1444694400,0,0,0,0
757,Cameron,,Ritz,11,,,Judi Ritz,,1452556800,0,1453248000,0,0,0,0
769,Joseph,,Shepherd,11,,,Claire Fox,,1454284800,0,1454457600,0,0,0,0
778,Daniel Peter,,Hoare,11,,,Margaret Hoare,Peter Hoare,1456099200,0,0,0,0,0,0
853,Iain,,Ayres,11,,,Lewis Ayres,Medi,0,0,1441065600,0,0,0,0
855,Daniel,,Hoare,11,,,,,0,0,0,0,0,0,0
856,Ruby,,Hickey,11,,,,,0,0,0,0,0,0,0
857,Connal,,Berry,11,,,,,0,0,0,0,0,0,0
252,Abbie,,Nelson,12,,,Allison Bowery,Sandra Scott,1305331200,1309392000,0,0,0,0,0
42,Sam,Sam,Brunton,12,10684538,,"Clare Brunton (Mum), Jeff Brunton (Dad)",,0,1236729600,1296518400,1383091200,0,0,0
120,Elijah,,Basden,12,,,Alastair Basden,Oei-Chi Basden,1256774400,1295222400,1361923200,0,0,0,0
129,Hamish Alexander,,Brown,12,10996761,,"Kirsty Harrison-Brown (Mum), Paul Harrison (Stepdad)",,1265673600,1273017600,1332288000,0,0,0,0
201,Alexander,,Callaghan,12,moving to Wed Scouts after May half term,,Leigh Callaghan,,1290384000,1322092800,1383609600,1465344000,0,0,0
202,Dominic,,Callaghan,12,moving to Wed Scouts after May half term,,Leigh Callaghan,Paul Callaghan,1290470400,1322092800,1383609600,1465344000,0,0,0
290,Christopher Paul,,Bowman,12,850479,,"Nicola Bowman (Mum), Paul Bowman (Dad)",,1312675200,0,1315526400,0,0,0,0
297,James,,Gilderoy,12,Wed Scouts - Easter,,Jonathan Gilderoy,Claire Gilderoy,1315699200,1325289600,1383696000,0,0,0,0
319,Joshua Thomas,,Nattrass,12,10996771,,"Julie Nattrass (Mum), Ivan Nattrass (Dad)",,0,0,1320105600,0,0,0,0
344,Hannah,,Adams,12,,,Katie Adams ,John Adams,1327881600,1328054400,0,1441152000,0,0,0
350,Seth,,Cresswell,12,Wed Scouts,,Joanne Gardner,Paul Cresswell,1331510400,1331769600,1361923200,1441065600,0,0,0
359,Johnathon,,Bryden,12,,,Michael and Katie Bryden,Grandparents Bryden,0,1326585600,1389139200,0,0,0,0
376,Samuel,,Sweeney,12,Wed Scouts in October,,Gail Sweeney,,0,1341100800,0,1445385600,0,0,0
423,Erin,,Jacques,12,10996772,,"Brian Jacques (Dad), Carol Jacques (Mum)",,1352678400,0,0,1409529600,0,0,0
440,Cameron,,Barr,12,10996774,,"Steven Barr (Dad), Trudy Barr (Mum)",,0,1314921600,1349136000,1420588800,0,0,0
496,Chloe,,Keogan,12,10996775,,"Katy Keogan (Mum), Tony Keogan (Dad)",,1372032000,0,0,1378166400,0,0,0
537,Archie Jack ,,Hughes ,12,10691227,,Nic Hughes (Mum),,1381104000,0,0,1383091200,0,0,0
618,Bailey James,,Dibb,12,10685084,,"Fiona Dibb (Mum), William Dibb (Dad)",,0,0,0,1378166400,0,0,0
624,Sophie Ann,,Bryden,12,10684859,,"Michael Bryden (Dad), Katie Bryden (Mum)",,0,0,0,1393977600,0,0,0
682,Alex,,Stanley,12,,,"Heather Stanley (Mum), Nick Stanley (Dad)","Sheila Morton (Gran), Norman Morton (Granddad)",0,0,0,1429833600,0,0,0
696,Thomas,,Marley,12,,,Beverley Marley,,1431388800,1441152000,0,0,0,0,0
753,Ocean,,Bryson,12,,,"Lisa Bryson (Mum), Richard Bryson (Dad)",,0,0,0,1452038400,0,0,0
761,Daniel,,Drake,12,,,Phil Kellet & Olga Drake,,0,0,0,1453248000,0,0,0
793,Ruby,,Robinson,12,,,Joanne,,0,0,0,1460505600,0,0,0
798,Euan,,Hunter,12,,,Gordon Hunter,,0,0,0,1460505600,0,0,0
836,Jack,,Terry,12,,,Sarah Terry,,0,0,0,1473206400,0,0,0
837,Sophie Mary,,Johnson,12,,,David Johnson,Peter Johnson,0,0,0,0,0,0,0
860,Isaac,,Biddlestone,12,,,,,0,0,0,0,0,0,0
476,Jay,,Ash,13,,,John Ash (Dad),,0,0,0,1366329600,0,0,0
477,Callum,,Holden,13,,,Mum,,0,0,0,1366329600,0,0,0
478,Shaun,,Carter,13,,,,,0,0,0,1366329600,0,0,0
479,Daniel,,Brown,13,,,Christine Brown,,0,0,0,1366329600,0,0,0
480,Matthew,,Snowden,13,,,Gran,,0,0,0,1366329600,0,0,0
481,Kieran,,Whitfield,13,,,,,0,0,0,1366329600,0,0,0
482,James,,Scott,13,,,Mum,Nana,0,0,0,1366329600,0,0,0
483,Max,,Green,13,,,J Warner,,0,0,0,1366329600,0,0,0
484,Victoria,,Clark,13,,,Mum,,0,0,0,1366329600,0,0,0
562,Katie,,Lambie,13,,,Mum,,0,0,0,0,0,0,0
563,William,,Malcolm,13,,,Mrs Farley (Carer),Malcolm Farley,0,0,0,0,0,0,0
153,Archie,,Pullen,14,"would like wed cubs. Emailed to ask pref, 19/1/15 - prefer Mondays - join Feb 2nd",,Danielle Pullen,Stephen Pullen,1276560000,1422835200,0,0,0,0,0
669,Calvin,,Wade,14,Emailed to ask preference 23/6/15,,Neal Wade,Jenny Search,1423785600,1441670400,0,0,0,0,0
597,Tristan,,Callaghan,14,Tues Cubs - Jan 17- end Oct Transferring to Tuesday Beavers in Sept,,Leigh Callaghan,Paul Callaghan,1399939200,1414972800,0,0,0,0,0
625,Megan,,Quinn,14,Sister of Oliver (MB).  ,,Suzanne Quinn,,1409788800,1441670400,0,0,0,0,0
630,Mia,,Wilkinson,14,Aidan Wilkinson - Emailed with offer for Tues Beavers 23/06,,Joanne Wilkinson,Mark Wilkinson,1409788800,1441670400,0,0,0,0,0
631,Nadia ,,Gilliland,14,Hayden Gilliland - Contacted to check re Tues Beavers,,David Gilliland,Lindy Gilliland,1409788800,1441670400,0,0,0,0,0
639,Orla,,Burns,14,Emailed with offer for Tues Beavers 23/06/15,,Rachel Burns,Stephen Burns,1412812800,1441670400,0,0,0,0,0
641,Daniel,,Robinson,14,Emailed with offer for Tues Beavers 23/06/15,,Joanne Robinson,Michael Robinson,1413763200,1441670400,0,0,0,0,0
664,Finn,,Royle,14,JG contacted:  Starting MB 29th Feb 2016,,Emily Royle,Andrew Royle,1421798400,1456704000,0,0,0,0,0
675,Aditya,,Aggarwal,14,"initial contact to ask night pref by Ali, 16/3/15 - emailed with offer for Tues Night 23/06/15",,Monika Aggarwal,Naveen Aggarwal,1426464000,1441670400,0,0,0,0,0
688,Charlotte,,McGrother,14,"Initial contact, 23/4/15 by ali.  Thursday group",,Claire McGrother,Steven McGrother,1429747200,1441670400,0,0,0,0,0
695,Alex,,Marley,14,Emailed with offer for Tues Beavers 23/06/15,,Beverley Marley,Thomas Marley,1431388800,1441670400,0,0,0,0,0
702,Jessica,,Page,14,Emailed with offer for Tues Beavers 23/06/15,,,,1434326400,1441670400,0,0,0,0,0
703,Charlie,,Brown,14,,,Craig Brown,Alison Brown,1434326400,1441670400,0,0,0,0,0
714,Harry,,Buckle,14,,,Sharon Buckle,James Buckle,0,1441670400,0,0,0,0,0
728,Eve,,Cleasby,14,Email sent to parent re which Cub pack,,Lynne Charlton,,1441584000,1441670400,0,0,0,0,0
734,Aayush,,Pandya,14,,,Shashi Pandya,,1442361600,1442880000,0,0,0,0,0
736,Alfie,,O'Neill,14,Emailed by Ali to ask pref.  Tues preferred,,Christine Berry,Samantha O'Neill,1442793600,1443484800,0,0,0,0,0
758,Isla,,Hoult,14,Wed Cubs,,Jill Hoult,Ian Hoult,1451952000,1451952000,0,0,0,0,0
765,Ocean,,Osbourne,14,Offered Tues Nights (LC),,Mick Boyle,Beverley Parks,1453852800,1461024000,0,0,0,0,0
770,Dingyi,,Ma,14,Would like Tuesday Beavers,,Li Ding,,1454284800,1456185600,0,0,0,0,0
823,Katie,,Gillon,14,,,Natalie Gillion,Paul Gillon,1468800000,1473724800,0,0,0,0,0
794,Rory,,Polwart,14,Joining Tuesdays from Oct Half term,,Nicola Jekins,,1458172800,1477958400,0,0,0,0,0
838,Roan,,Edmunds,14,16/9 Wants Tues or Thurs,,Kate Edmunds,,1473292800,1477958400,0,0,0,0,0
842,Harry,,Dixon,14,Starting Tues from Oct half term (LC),,Claire Wilson,,1473724800,1477958400,0,0,0,0,0
846,Jessica,,O'Connor,14,15/9 Would like Tues Beavers,,Lucy Green,,1473897600,1477958400,0,0,0,0,0
